addr	size	name	confidence	args	ret	callers	callees	frame	saved	tags
0x80010000	36	func_80010000	high	1	u32	3	0	0		leaf|addr_taken
0x80010024	16	func_80010024	low	1	u32	0	0	0		leaf|orphan
0x80010034	76	func_80010034	low	1	u32	1	0	0		leaf
0x80010080	496	func_80010080	medium	2	u32	0	0	32	s0|s1|s2|s3|s4|s5	leaf|orphan
0x80010270	124	func_80010270	low	0	u32	0	0	0		leaf|orphan
0x80010394	432	func_80010394	medium	2	u32	0	1	48	s0|s1|s2|s4|s5|ra	orphan
0x80010544	120	func_80010544	low	2	void	0	0	0		leaf|orphan
0x800105BC	304	func_800105BC	low	0	u32	1	0	0		leaf|orphan
0x80013BD4	15928	func_80013BD4	data	0	void	0	0	0		leaf|orphan
0x80017A0C	464	func_80017A0C	high	3	u32	1	0	0		leaf|gte
0x80017BDC	508	func_80017BDC	high	4	u32	1	0	0	s0	leaf|gte
0x80017DD8	448	func_80017DD8	high	4	u32	1	0	0	s0	leaf|gte
0x80017F98	716	func_80017F98	high	3	u32	5	3	0		gte
0x800189D4	15364	func_800189D4	data	0	void	0	0	0		leaf|orphan
0x8001C5D8	1028	func_8001C5D8	high	2	u32	1	0	0		leaf|gp
0x8001C9DC	264	func_8001C9DC	verified	4	u32	1	1	32	s0|s1|s2|ra	gp
0x8001CAE4	236	func_8001CAE4	verified	3	u32	1	0	8		leaf
0x8001CBD0	152	func_8001CBD0	high	2	u32	1	0	0		leaf|gp
0x8001CC68	160	func_8001CC68	medium	0	u32	0	1	32	fp|ra	orphan
0x8001CD08	196	func_8001CD08	verified	0	u32	1	6	32	fp|ra	
0x8001CDCC	128	func_8001CDCC	verified	1	u32	1	0	32	fp	leaf
0x8001CE4C	152	func_8001CE4C	verified	0	u32	4	0	8	fp	leaf
0x8001CEE4	128	func_8001CEE4	verified	0	u32	2	0	8	fp	leaf
0x8001CF64	48	func_8001CF64	medium	0	void	0	1	40	fp|ra	orphan
0x8001CF94	116	func_8001CF94	verified	3	u32	1	1	24	ra	
0x8001D008	24	func_8001D008	low	1	u32	1	0	0		leaf
0x8001D020	40	func_8001D020	medium	0	void	0	0	16		leaf|orphan
0x8001D048	4	func_8001D048	low	2	void	2	0	0		leaf
0x8001D04C	248	func_8001D04C	medium	3	u32	0	3	32	s0|s1|s2|ra	orphan
0x8001D144	248	func_8001D144	verified	2	u32	1	1	32	s0|s1|s2|ra	
0x8001D23C	12	func_8001D23C	high	1	void	3	0	0		leaf|gp
0x8001D248	8	func_8001D248	low	2	u32	12	0	0		leaf|gp
0x8001D250	248	func_8001D250	medium	0	u32	0	3	32	s0|s1|s2|ra	orphan
0x8001D348	52	func_8001D348	high	0	u32	4	0	0		leaf
0x8001D380	232	func_8001D380	medium	0	u32	0	4	32	s0|s1|ra	gp|orphan
0x8001D468	124	func_8001D468	low	0	u32	0	0	0		leaf|gp|orphan
0x8001D4E4	112	func_8001D4E4	medium	0	u32	0	2	32	s0|s1|s2|ra	orphan
0x8001D554	16	func_8001D554	high	2	void	1	0	0		leaf|gp
0x8001D564	12	func_8001D564	low	0	u32	0	0	0		leaf|gp|orphan
0x8001D570	32	func_8001D570	low	1	u32	0	0	0		leaf|gp|orphan
0x8001D590	52	func_8001D590	high	0	u32	3	0	0		leaf|gp
0x8001D5C4	60	func_8001D5C4	low	0	u32	5	0	0		leaf|gp|orphan
0x8001D600	52	func_8001D600	low	0	u32	6	0	0		leaf|gp|orphan
0x8001D634	32	func_8001D634	low	0	u32	0	0	0		leaf|gp|orphan
0x8001D654	100	func_8001D654	medium	1	u32	1	2	24	s0|ra	gp|orphan
0x8001D6B8	160	func_8001D6B8	verified	1	u32	33	1	24	s0|ra	break
0x8001D758	204	func_8001D758	medium	1	u32	0	1	32	s0|s1|ra	break|orphan
0x8001D824	108	func_8001D824	verified	0	u32	6	1	112	ra	
0x8001D890	12	func_8001D890	high	1	void	4	0	0		leaf
0x8001D89C	12	func_8001D89C	low	1	u32	0	0	0		leaf|orphan
0x8001D8A8	64	func_8001D8A8	high	2	u32	9	0	0		leaf
0x8001D8E8	60	func_8001D8E8	low	2	u32	0	0	0		leaf|orphan
0x8001D924	128	func_8001D924	low	1	u32	0	0	0		leaf|orphan
0x8001D9A4	68	func_8001D9A4	high	1	u32	6	0	0		leaf
0x8001D9E8	244	func_8001D9E8	high	2	u32	3	0	0		leaf
0x8001DADC	28	func_8001DADC	high	0	u32	1	0	0		leaf|gp
0x8001DAF8	240	func_8001DAF8	verified	1	u32	3	2	40	s0|s1|s2|s3|ra	gp
0x8001DBE8	52	func_8001DBE8	high	1	u32	1	0	0		leaf|gp
0x8001DC1C	288	func_8001DC1C	low	2	u32	0	0	0		leaf|gp|orphan
0x8001DD3C	8	func_8001DD3C	low	0	u32	0	0	0		leaf|orphan
0x8001DD44	68	func_8001DD44	low	1	u32	0	0	0		leaf|gp|orphan
0x8001DD88	408	func_8001DD88	verified	1	u32	3	3	64	s0|s1|s2|s3|s4|s5|s6|ra	gp
0x8001DF20	36	func_8001DF20	high	1	u32	3	0	0		leaf|gp
0x8001DF44	364	func_8001DF44	verified	3	u32	3	1	32	s0|s1|s2|ra	
0x8001E0B0	156	func_8001E0B0	high	2	u32	1	0	0		leaf
0x8001E14C	276	func_8001E14C	verified	2	u32	5	1	40	s0|s1|s2|s3|ra	
0x8001E260	180	func_8001E260	medium	1	u32	0	3	544	ra	orphan
0x8001E314	96	func_8001E314	medium	2	u32	0	2	32	ra	orphan
0x8001E374	208	func_8001E374	verified	0	u32	13	3	24	ra	gp
0x8001E444	92	func_8001E444	low	2	u32	0	0	0		leaf|gp|orphan
0x8001E4A0	300	func_8001E4A0	verified	0	u32	1	1	56	s0|s1|s2|s3|s4|s5|s6|s7|fp|ra	
0x8001E5CC	124	func_8001E5CC	low	0	u32	0	0	0		leaf|orphan
0x8001E648	156	func_8001E648	low	1	u32	0	0	0		leaf|orphan
0x8001E6E4	460	func_8001E6E4	verified	0	u32	13	7	32	ra	gp
0x8001E8B0	60	func_8001E8B0	medium	0	u32	0	1	24	ra	gp|orphan
0x8001E8F0	44	func_8001E8F0	medium	0	void	0	2	24	ra	gp|orphan
0x8001E920	260	func_8001E920	medium	0	u32	0	3	40	s0|s1|s2|ra	gp|orphan
0x8001EA24	96	func_8001EA24	medium	1	u32	0	2	24	s0|ra	orphan
0x8001EA84	4	func_8001EA84	low	0	u32	1	0	0		leaf|gp
0x8001EA88	1232	func_8001EA88	medium	1	u32	0	7	136	s0|s1|s2|ra	gte|gp|orphan
0x8001EF58	56	func_8001EF58	high	3	void	4	0	0		leaf
0x8001EF90	292	func_8001EF90	verified	4	u32	6	8	48	s0|s1|s2|s3|ra	gp
0x8001F0B4	120	func_8001F0B4	low	0	u32	1	0	0		leaf|gp|orphan
0x8001F12C	372	func_8001F12C	verified	0	u32	1	2	24	s0|ra	
0x8001F2A0	256	func_8001F2A0	high	3	u32	1	0	0		leaf
0x8001F3A0	268	func_8001F3A0	medium	1	u32	1	9	40	s0|s1|s2|ra	orphan
0x8001F4AC	140	func_8001F4AC	medium	1	u32	1	5	32	s0|ra	orphan
0x8001F538	112	func_8001F538	medium	2	u32	1	1	32	s0|s1|ra	orphan
0x8001F5A8	80	func_8001F5A8	medium	2	u32	1	1	32	s0|s1|ra	orphan
0x8001F5F8	104	func_8001F5F8	medium	2	u32	0	2	32	s0|s1|s2|ra	orphan
0x8001F660	216	func_8001F660	medium	4	u32	1	2	48	s0|s1|s2|s3|s4|s5|s6|ra	break|orphan
0x8001F738	164	func_8001F738	verified	2	void	1	2	40	s0|s1|s2|s3|ra	gp
0x8001F7DC	84	func_8001F7DC	medium	3	void	0	1	24	s0|ra	orphan
0x8001F830	284	func_8001F830	verified	4	u32	1	2	48	s0|s1|s2|s3|s4|s5|ra	gp|indirect
0x8001F94C	192	func_8001F94C	high	3	u32	1	0	0		leaf
0x8001FA0C	100	func_8001FA0C	low	1	u32	2	0	0		leaf|gp|orphan
0x8001FA70	384	func_8001FA70	high	4	u32	1	0	0		leaf
0x8001FBF0	480	func_8001FBF0	high	4	u32	1	0	0		leaf
0x8001FDD0	496	func_8001FDD0	medium	4	u32	1	1	48	ra	break|orphan
0x8001FFC0	152	func_8001FFC0	medium	1	u32	1	2	40	s0|ra	gp|orphan
0x80020058	76	func_80020058	medium	1	void	0	1	32	s0|s1|ra	orphan
0x800200A4	20	func_800200A4	high	3	void	1	0	0		leaf|gp
0x800200B8	392	func_800200B8	medium	4	u32	1	1	96	s0|s1|s2|s3|s4|s5|s6|s7|fp|ra	gp|orphan
0x80020240	80	func_80020240	low	3	u32	0	0	0		leaf|orphan
0x80020290	72	func_80020290	low	2	u32	0	0	0		leaf|orphan
0x800202D8	544	func_800202D8	medium	4	u32	0	0	72		leaf|gte|orphan
0x800204F8	576	func_800204F8	low	4	u32	0	0	0		leaf|gte|gp|orphan
0x80020738	1608	func_80020738	medium	1	u32	1	0	16	s0|s1|s2|s3	leaf|gte|gp|orphan
0x80020D80	992	func_80020D80	medium	4	u32	0	1	64	ra	gte|break|orphan
0x80021160	8	func_80021160	low	0	void	1	0	0		leaf|orphan
0x80021168	140	func_80021168	verified	4	u32	2	2	40	s0|s1|s2|s3|ra	
0x800211F4	76	func_800211F4	verified	1	u32	1	1	24	s0|ra	
0x80021240	100	func_80021240	medium	1	u32	0	1	24	s0|ra	orphan
0x800212A4	544	func_800212A4	verified	4	u32	1	2	104	s0|s1|s2|s3|s4|s5|s6|s7|fp|ra	
0x800214C4	228	func_800214C4	medium	1	u32	0	2	72	s0|ra	orphan
0x800215A8	228	func_800215A8	medium	1	u32	0	2	72	s0|ra	orphan
0x8002168C	312	func_8002168C	medium	4	u32	2	2	56	s0|s1|s2|s3|s4|ra	orphan
0x800217C4	220	func_800217C4	low	3	u32	0	0	0		leaf|orphan
0x800218A0	216	func_800218A0	low	3	u32	0	0	0		leaf|orphan
0x80021978	200	func_80021978	verified	4	u32	3	6	40	s0|s1|ra	gp
0x80021A40	104	func_80021A40	verified	0	u32	1	1	32	s0|s1|s2|ra	
0x80021AA8	172	func_80021AA8	medium	1	u32	0	1	24	ra	orphan
0x80021B54	356	func_80021B54	verified	0	u32	2	5	64	s0|ra	gp
0x80021CB8	48	func_80021CB8	high	1	u32	1	0	0		leaf|gp
0x80021CE8	400	func_80021CE8	verified	0	u32	1	18	24	s0|ra	gp
0x80021E78	12	func_80021E78	low	0	void	1	0	0		leaf|gp
0x80021E84	108	func_80021E84	medium	0	u32	0	4	24	s0|ra	orphan
0x80021EF0	124	func_80021EF0	verified	0	u32	1	2	32	s0|s1|s2|ra	
0x80021F6C	16	func_80021F6C	high	0	u32	1	0	0		leaf
0x80021F7C	100	func_80021F7C	verified	1	void	1	5	48	s0|s1|ra	
0x80021FE0	172	func_80021FE0	medium	2	u32	0	5	80	s0|s1|ra	orphan
0x8002208C	148	func_8002208C	medium	2	u32	0	3	32	s0|s1|ra	orphan
0x80022120	36	func_80022120	medium	0	void	1	1	32	ra	orphan
0x80022144	24	func_80022144	high	2	void	7	0	0		leaf
0x8002215C	24	func_8002215C	low	1	u32	0	0	0		leaf|orphan
0x80022174	104	func_80022174	high	4	u32	14	0	0		leaf
0x800221DC	104	func_800221DC	low	3	u32	1	0	0		leaf|orphan
0x80022244	104	func_80022244	high	2	u32	2	0	0		leaf
0x800222AC	56	func_800222AC	high	2	u32	1	0	0		leaf
0x800222E4	100	func_800222E4	high	3	u32	11	0	0		leaf
0x80022348	40	func_80022348	high	2	u32	9	0	0		leaf
0x80022370	44	func_80022370	high	1	u32	3	0	0		leaf|gp
0x8002239C	304	func_8002239C	verified	2	u32	2	6	32	s0|s1|ra	
0x800224CC	432	func_800224CC	verified	3	u32	3	10	40	s0|s1|s2|ra	gp
0x8002267C	236	func_8002267C	high	3	u32	13	0	0		leaf
0x8002276C	100	func_8002276C	medium	1	u32	0	2	24	ra	gp|orphan
0x800227D0	264	func_800227D0	medium	2	u32	0	2	24	s0|ra	gp|orphan
0x800228DC	36	func_800228DC	medium	1	void	0	1	24	ra	orphan
0x80022900	16	func_80022900	medium	0	void	0	0	8		leaf|orphan
0x80022910	60	func_80022910	medium	1	u32	0	1	24	ra	orphan
0x8002294C	60	func_8002294C	high	2	u32	6	0	0		leaf
0x80022988	16	func_80022988	low	0	u32	0	0	0		leaf|orphan
0x80022998	24	func_80022998	low	0	u32	0	0	0		leaf|orphan
0x800229B0	292	func_800229B0	verified	2	u32	1	3	32	s0|s1|ra	
0x80022AD4	44	func_80022AD4	low	4	void	0	0	0		leaf|gp|orphan
0x80022B00	3012	func_80022B00	verified	2	u32	2	8	96	s0|s1|s2|s3|s4|s5|ra	break|gp
0x800236C4	492	func_800236C4	verified	3	u32	2	4	80	s0|s1|s2|s3|s4|ra	
0x800238B0	368	func_800238B0	verified	1	u32	2	4	72	s0|s1|s2|ra	
0x80023A20	272	func_80023A20	medium	1	u32	0	3	56	s0|s1|s2|ra	orphan
0x80023B30	52	func_80023B30	low	3	u32	1	0	0		leaf|orphan
0x80023B64	232	func_80023B64	medium	1	u32	1	3	56	s0|s1|ra	orphan
0x80023C4C	96	func_80023C4C	high	3	u32	5	0	0		leaf
0x80023CAC	92	func_80023CAC	low	3	u32	0	0	0		leaf|orphan
0x80023D08	56	func_80023D08	low	1	u32	0	0	0		leaf|orphan
0x80023D40	56	func_80023D40	low	1	u32	0	0	0		leaf|orphan
0x80023D78	120	func_80023D78	high	3	u32	8	0	0		leaf
0x80023DF0	72	func_80023DF0	low	3	u32	0	0	0		leaf|orphan
0x80023E38	168	func_80023E38	verified	1	u32	3	1	48	s0|ra	
0x80023EE0	92	func_80023EE0	high	3	u32	6	0	0		leaf
0x80023F3C	96	func_80023F3C	high	3	u32	3	0	0		leaf
0x80023F9C	360	func_80023F9C	high	1	u32	1	0	0		leaf
0x80024104	372	func_80024104	verified	0	u32	1	9	56	s0|s1|ra	
0x80024278	64	func_80024278	low	2	u32	0	0	0		leaf|orphan
0x800242B8	64	func_800242B8	low	2	u32	0	0	0		leaf|orphan
0x800242F8	68	func_800242F8	low	2	u32	0	0	0		leaf|orphan
0x8002433C	432	func_8002433C	medium	3	u32	0	1	40	s0|s1|s2|s3|ra	orphan
0x800244EC	64	func_800244EC	low	2	u32	0	0	0		leaf|orphan
0x8002452C	64	func_8002452C	low	2	u32	0	0	0		leaf|orphan
0x8002456C	68	func_8002456C	low	2	u32	0	0	0		leaf|orphan
0x800245B0	432	func_800245B0	medium	3	u32	0	1	40	s0|s1|s2|s3|ra	orphan
0x80024760	1060	func_80024760	medium	2	u32	0	7	40	s0|s1|s2|s3|ra	gp|orphan
0x80024B84	312	func_80024B84	medium	2	u32	0	1	32	s0|s1|ra	gp|orphan
0x80024CBC	8	func_80024CBC	low	0	void	0	0	0		leaf|orphan
0x80024CCC	1464	func_80024CCC	medium	2	u32	0	7	40	s0|s1|s2|s3|ra	gp|orphan
0x80025284	240	func_80025284	verified	2	u32	1	1	24	ra	gp
0x80025374	24	func_80025374	low	0	u32	0	0	0		leaf|gp|orphan
0x8002538C	204	func_8002538C	verified	0	u32	2	1	24	ra	gp
0x80025458	172	func_80025458	verified	3	void	2	3	40	s0|s1|s2|s3|s4|ra	
0x80025504	168	func_80025504	verified	2	u32	1	3	32	s0|s1|s2|ra	gp
0x800255AC	4	func_800255AC	low	0	u32	2	0	0		leaf|gp
0x800255B0	224	func_800255B0	medium	1	u32	0	5	48	s0|s1|s2|s3|ra	gp|orphan
0x80025690	148	func_80025690	verified	2	void	2	3	40	s0|s1|s2|s3|ra	
0x80025724	72	func_80025724	high	2	void	1	0	0		leaf
0x8002576C	552	func_8002576C	verified	0	u32	1	6	32	s0|s1|ra	
0x80025994	928	func_80025994	verified	2	u32	1	5	32	s0|s1|s2|ra	
0x80025D34	260	func_80025D34	verified	2	u32	2	3	32	s0|s1|s2|ra	
0x80025E38	2184	func_80025E38	verified	2	u32	2	7	72	s0|s1|s2|s3|ra	gte
0x800266C0	664	func_800266C0	verified	4	u32	1	3	96	s0|s1|s2|s3|ra	gte
0x80026958	104	func_80026958	high	3	u32	2	0	0		leaf
0x800269C0	372	func_800269C0	low	0	u32	0	0	0		leaf|orphan
0x80026B34	180	func_80026B34	low	3	u32	0	0	0		leaf|orphan
0x80026BE8	164	func_80026BE8	medium	1	u32	1	1	24	ra	orphan
0x80026C8C	320	func_80026C8C	verified	4	u32	3	4	40	s0|s1|s2|ra	
0x80026DCC	72	func_80026DCC	high	2	u32	2	0	0		leaf
0x80026E14	152	func_80026E14	verified	0	u32	1	2	32	s0|s1|s2|ra	gp
0x80026EAC	432	func_80026EAC	verified	1	u32	3	4	48	s0|s1|s2|s3|s4|s5|s6|ra	
0x8002705C	616	func_8002705C	verified	1	u32	5	4	40	s0|s1|ra	
0x800272C4	272	func_800272C4	verified	1	u32	1	5	32	s0|s1|s2|ra	
0x800273D4	468	func_800273D4	verified	2	u32	15	5	32	s0|s1|ra	
0x800275A8	592	func_800275A8	verified	3	u32	16	3	40	s0|s1|s2|s3|ra	break
0x800277F8	8	func_800277F8	low	1	u32	1	0	0		leaf
0x80027800	240	func_80027800	medium	2	u32	0	0	8		leaf|orphan
0x800278F0	1368	func_800278F0	verified	1	u32	1	3	48	s0|s1|s2|s3|s4|s5|ra	break
0x80027E48	232	func_80027E48	verified	0	u32	1	1	40	s0|s1|s2|s3|s4|ra	
0x80027F30	52	func_80027F30	low	1	u32	0	0	0		leaf|orphan
0x80027F64	8	func_80027F64	high	0	void	1	0	0		leaf
0x80027F6C	8	func_80027F6C	low	0	void	0	0	0		leaf|orphan
0x80027F74	24	func_80027F74	low	0	u32	0	0	0		leaf|orphan
0x80027F8C	68	func_80027F8C	low	2	u32	1	0	0		leaf|orphan
0x80027FD0	68	func_80027FD0	low	2	u32	1	0	0		leaf|orphan
0x80028014	72	func_80028014	low	3	u32	1	0	0		leaf|orphan
0x8002805C	116	func_8002805C	verified	0	u32	4	2	32	s0|s1|ra	
0x800280D0	68	func_800280D0	verified	2	u32	1	1	24	s0|ra	
0x80028114	48	func_80028114	medium	2	void	0	1	24	s0|ra	orphan
0x80028144	60	func_80028144	verified	0	u32	1	1	24	ra	
0x80028180	60	func_80028180	verified	0	u32	1	1	24	ra	
0x800281BC	48	func_800281BC	verified	0	u32	4	1	24	ra	
0x800281EC	48	func_800281EC	medium	0	u32	0	1	24	ra	orphan
0x8002821C	72	func_8002821C	medium	2	u32	1	1	24	s0|ra	orphan
0x80028264	72	func_80028264	medium	2	u32	4	1	24	s0|ra	orphan
0x800282AC	36	func_800282AC	medium	0	u32	1	1	24	ra	orphan
0x800282D0	44	func_800282D0	medium	0	u32	0	1	24	ra	orphan
0x800282FC	88	func_800282FC	verified	3	u32	1	2	32	s0|s1|ra	
0x80028354	72	func_80028354	verified	0	u32	3	1	24	ra	
0x8002839C	64	func_8002839C	verified	0	u32	4	1	24	ra	
0x800283DC	240	func_800283DC	medium	0	u32	2	1	32	ra	orphan
0x800284CC	160	func_800284CC	verified	1	u32	2	1	24	s0|ra	
0x8002856C	48	func_8002856C	verified	0	u32	1	1	24	ra	
0x8002859C	72	func_8002859C	verified	2	u32	1	1	24	s0|ra	
0x800285E4	48	func_800285E4	verified	0	u32	1	1	24	ra	
0x80028614	96	func_80028614	verified	2	u32	1	1	24	s0|ra	
0x80028674	260	func_80028674	verified	4	u32	5	3	40	s0|s1|s2|s3|s4|ra	
0x80028778	264	func_80028778	verified	4	u32	1	3	40	s0|s1|s2|s3|s4|ra	
0x80028880	268	func_80028880	verified	4	u32	2	3	48	s0|s1|s2|s3|s4|s5|ra	
0x8002898C	236	func_8002898C	verified	4	u32	13	3	40	s0|s1|s2|s3|s4|ra	
0x80028A78	244	func_80028A78	medium	3	u32	0	5	40	s0|s1|s2|s3|s4|ra	orphan
0x80028B6C	280	func_80028B6C	medium	4	u32	0	4	48	s0|s1|s2|s3|s4|s5|s6|ra	orphan
0x80028C84	268	func_80028C84	verified	3	u32	1	4	48	s0|s1|s2|s3|s4|s5|ra	
0x80028D90	216	func_80028D90	verified	2	u32	2	3	40	s0|s1|s2|s3|ra	
0x80028E68	64	func_80028E68	verified	2	u32	5	2	24	s0|ra	
0x80028EA8	68	func_80028EA8	medium	0	u32	0	1	24	ra	orphan
0x80028EEC	296	func_80028EEC	verified	4	u32	1	3	40	s0|s1|s2|s3|s4|ra	
0x80029014	296	func_80029014	medium	4	u32	4	3	40	s0|s1|s2|s3|s4|ra	orphan
0x8002913C	408	func_8002913C	medium	2	u32	1	3	64	s0|s1|s2|s3|s4|s5|s6|ra	break|orphan
0x800292D4	32	func_800292D4	medium	1	void	1	1	24	ra	orphan
0x800292F4	32	func_800292F4	medium	1	void	1	1	24	ra	orphan
0x80029314	128	func_80029314	low	3	u32	0	0	0		leaf|orphan
0x80029394	500	func_80029394	verified	2	u32	1	3	80	s0|s1|s2|s3|s4|s5|s6|s7|fp|ra	
0x80029588	356	func_80029588	verified	2	u32	1	3	80	s0|s1|s2|s3|s4|s5|s6|s7|fp|ra	
0x800296EC	252	func_800296EC	verified	2	u32	1	7	40	s0|s1|s2|ra	
0x800297E8	156	func_800297E8	medium	1	u32	0	1	24	ra	orphan
0x80029884	1888	func_80029884	verified	0	u32	1	22	360	s0|s1|s2|s3|s4|s5|s6|s7|ra	gp
0x80029FE4	36	func_80029FE4	high	1	u32	3	0	0		leaf
0x8002A008	40	func_8002A008	low	1	u32	0	0	0		leaf|orphan
0x8002A030	96	func_8002A030	low	1	u32	0	0	0		leaf|orphan
0x8002A090	8	func_8002A090	low	0	u32	0	0	0		leaf|orphan
0x8002A098	56	func_8002A098	low	1	u32	1	0	0		leaf|orphan
0x8002A0D0	136	func_8002A0D0	verified	0	u32	1	2	32	s0|s1|s2|ra	gp
0x8002A158	532	func_8002A158	verified	0	u32	1	11	72	s0|s1|s2|s3|ra	
0x8002A36C	452	func_8002A36C	verified	2	u32	2	9	56	s0|s1|s2|s3|s4|ra	indirect
0x8002A530	500	func_8002A530	verified	1	u32	1	1	32	s0|s1|ra	
0x8002A724	140	func_8002A724	high	2	u32	60	0	0		leaf
0x8002A7B0	8	func_8002A7B0	low	0	void	0	0	0		leaf|orphan
0x8002A7B8	136	func_8002A7B8	high	3	u32	4	0	0		leaf
0x8002A840	156	func_8002A840	low	3	u32	0	0	0		leaf|orphan
0x8002A8DC	156	func_8002A8DC	high	3	u32	2	0	0		leaf
0x8002A978	156	func_8002A978	low	3	u32	0	0	0		leaf|orphan
0x8002AA14	164	func_8002AA14	medium	0	u32	0	4	32	s0|s1|s2|ra	orphan
0x8002AAB8	84	func_8002AAB8	verified	2	u32	1	1	32	s0|ra	addr_taken
0x8002AB0C	232	func_8002AB0C	verified	3	u32	1	4	32	s0|s1|s2|ra	
0x8002ABF4	168	func_8002ABF4	medium	3	u32	0	3	32	s0|s1|s2|ra	orphan
0x8002AC9C	236	func_8002AC9C	medium	3	u32	0	2	32	s0|s1|ra	break|orphan
0x8002AD88	348	func_8002AD88	verified	3	u32	1	4	32	s0|s1|s2|ra	
0x8002AEE4	776	func_8002AEE4	verified	3	u32	1	8	48	s0|s1|s2|s3|ra	break
0x8002B1EC	164	func_8002B1EC	verified	2	u32	1	3	40	s0|s1|ra	addr_taken
0x8002B290	112	func_8002B290	verified	2	u32	1	2	32	s0|ra	addr_taken
0x8002B300	128	func_8002B300	verified	2	u32	1	3	24	s0|ra	addr_taken
0x8002B380	400	func_8002B380	verified	1	u32	1	5	40	s0|s1|ra	
0x8002B510	1652	func_8002B510	verified	2	u32	1	14	48	s0|s1|s2|ra	gp
0x8002BB84	1640	func_8002BB84	verified	1	u32	1	23	56	s0|s1|s2|s3|ra	
0x8002C1EC	1096	func_8002C1EC	verified	2	u32	1	12	32	s0|s1|s2|ra	
0x8002C634	3908	func_8002C634	verified	2	u32	1	41	80	s0|s1|s2|s3|s4|s5|s6|ra	indirect
0x8002D578	176	func_8002D578	medium	4	u32	0	2	32	s0|s1|s2|ra	gp|orphan
0x8002D628	32	func_8002D628	low	1	u32	0	0	0		leaf|orphan
0x8002D648	24	func_8002D648	low	1	u32	0	0	0		leaf|orphan
0x8002D660	580	func_8002D660	verified	1	u32	1	2	72	s0|s1|s2|s3|s4|s5|ra	gp
0x8002D8A4	1676	func_8002D8A4	verified	2	u32	1	20	48	s0|s1|s2|s3|s4|s5|ra	gp
0x8002DF30	116	func_8002DF30	medium	1	u32	0	1	24	s0|ra	gp|orphan
0x8002DFA4	764	func_8002DFA4	verified	3	u32	1	4	40	s0|s1|s2|s3|ra	gp
0x8002E2A0	456	func_8002E2A0	verified	1	u32	2	5	32	s0|s1|s2|ra	gp
0x8002E468	744	func_8002E468	verified	3	u32	2	2	40	s0|s1|s2|s3|ra	gp
0x8002E750	440	func_8002E750	verified	1	u32	1	5	32	s0|s1|s2|ra	gp
0x8002E908	272	func_8002E908	verified	2	u32	1	7	32	s0|s1|s2|ra	gp
0x8002EA18	472	func_8002EA18	verified	2	u32	1	5	32	s0|s1|s2|ra	gp
0x8002EBF0	456	func_8002EBF0	verified	1	u32	1	3	32	s0|s1|s2|ra	gp
0x8002EDB8	120	func_8002EDB8	verified	1	u32	1	1	32	s0|s1|s2|ra	
0x8002EE30	652	func_8002EE30	verified	1	u32	1	5	40	s0|s1|s2|s3|s4|ra	
0x8002F0BC	1284	func_8002F0BC	verified	1	u32	1	9	40	s0|s1|s2|s3|ra	gp
0x8002F5C0	336	func_8002F5C0	high	2	u32	2	0	0		leaf
0x8002F710	472	func_8002F710	verified	3	u32	1	4	40	s0|s1|s2|s3|ra	
0x8002F8E8	164	func_8002F8E8	medium	1	u32	0	1	32	s0|ra	orphan
0x8002F98C	80	func_8002F98C	medium	3	u32	0	0	8		leaf|orphan
0x8002F9DC	248	func_8002F9DC	medium	1	u32	0	3	40	s0|s1|s2|s3|s4|ra	orphan
0x8002FAD4	40	func_8002FAD4	medium	0	void	1	1	24	ra	orphan
0x8002FAFC	52	func_8002FAFC	high	1	u32	1	0	0		leaf
0x8002FB30	56	func_8002FB30	low	1	u32	0	0	0		leaf|orphan
0x8002FB68	1312	func_8002FB68	verified	3	u32	1	4	112	s0|s1|s2|s3|s4|s5|s6|ra	gp
0x80030088	352	func_80030088	verified	2	u32	1	2	64	s0|s1|s2|ra	
0x800301E8	40	func_800301E8	high	2	u32	2	0	0		leaf
0x80030210	28	func_80030210	high	1	u32	1	0	0		leaf
0x8003022C	88	func_8003022C	verified	1	u32	6	2	32	s0|ra	
0x80030284	176	func_80030284	medium	3	u32	0	2	32	s0|s1|ra	orphan
0x80030334	624	func_80030334	verified	4	u32	2	3	40	s0|s1|s2|s3|s4|ra	
0x800305A4	428	func_800305A4	medium	2	u32	0	2	32	s0|ra	orphan
0x80030750	208	func_80030750	medium	3	u32	0	0	16		leaf|break|orphan
0x80030820	48	func_80030820	high	3	u32	1	0	0		leaf
0x80030850	76	func_80030850	low	0	u32	0	0	0		leaf|orphan
0x8003089C	16	func_8003089C	medium	0	void	1	0	16		leaf|orphan
0x800308AC	8	func_800308AC	low	0	void	1	0	0		leaf|orphan
0x800308B4	140	func_800308B4	medium	3	u32	0	2	40	s0|s1|s2|ra	orphan
0x80030940	784	func_80030940	medium	3	u32	1	4	48	s0|s1|s2|s3|s4|ra	gp|orphan
0x80030C50	1184	func_80030C50	medium	3	u32	1	1	112	s0|s1|s2|s3|ra	break|gp|orphan
0x800310F0	1516	func_800310F0	medium	3	u32	1	3	96	s0|s1|s2|s3|s4|ra	break|gp|orphan
0x800316DC	364	func_800316DC	medium	3	u32	1	0	8		leaf|gp|orphan
0x80031848	2292	func_80031848	medium	3	u32	1	1	200	s0|s1|s2|s3|ra	break|gp|orphan
0x8003213C	5116	func_8003213C	medium	1	u32	1	2	280	s0|s1|s2|ra	break|gp|orphan
0x80033538	1492	func_80033538	medium	2	u32	0	22	80	s0|s1|s2|s3|s4|ra	gp|orphan
0x80033B0C	132	func_80033B0C	verified	2	u32	1	1	32	s0|s1|ra	
0x80033B90	128	func_80033B90	low	2	u32	0	0	0		leaf|orphan
0x80033C10	120	func_80033C10	medium	4	u32	0	0	8		leaf|orphan
0x80033C88	352	func_80033C88	medium	4	u32	0	2	56	s0|s1|s2|s3|s4|s5|s6|ra	orphan
0x80033E08	108	func_80033E08	medium	3	u32	0	1	24	ra	orphan
0x80033E74	36	func_80033E74	low	2	u32	0	0	0		leaf|orphan
0x80033E98	652	func_80033E98	verified	2	u32	3	7	32	s0|s1|s2|ra	break|addr_taken
0x80034124	68	func_80034124	medium	0	u32	0	1	24	ra	orphan
0x80034168	284	func_80034168	medium	2	u32	1	3	80	s0|s1|s2|ra	orphan
0x80034284	460	func_80034284	verified	3	u32	4	2	24	s0|ra	
0x80034450	844	func_80034450	medium	1	u32	0	12	104	s0|s1|s2|s3|s4|s5|ra	orphan
0x8003479C	884	func_8003479C	medium	1	u32	0	14	160	s0|s1|s2|s3|s4|s5|ra	orphan
0x80034B10	644	func_80034B10	medium	1	u32	1	10	88	s0|s1|s2|s3|s4|ra	addr_taken|orphan
0x80034D94	796	func_80034D94	medium	1	u32	0	11	112	s0|s1|s2|s3|s4|ra	orphan
0x800350B0	816	func_800350B0	medium	1	u32	0	10	120	s0|s1|s2|s3|s4|s5|ra	orphan
0x800353E0	932	func_800353E0	medium	1	u32	0	14	152	s0|s1|s2|s3|s4|s5|ra	orphan
0x80035784	320	func_80035784	medium	4	u32	2	1	56	s0|s1|s2|s3|ra	orphan
0x800358C4	152	func_800358C4	medium	3	void	0	3	48	s0|s1|s2|s3|s4|ra	orphan
0x8003595C	1108	func_8003595C	medium	1	u32	0	7	80	s0|s1|s2|s3|s4|s5|s6|s7|fp|ra	gp|orphan
0x80035DB0	680	func_80035DB0	medium	1	u32	1	10	64	s0|s1|s2|s3|s4|s5|ra	addr_taken|orphan
0x80036058	516	func_80036058	medium	2	u32	0	8	48	s0|s1|s2|s3|ra	gp|orphan
0x8003625C	528	func_8003625C	medium	2	u32	0	7	48	s0|s1|s2|s3|ra	gp|orphan
0x8003646C	280	func_8003646C	verified	3	u32	1	5	80	s0|s1|s2|s3|ra	
0x80036584	604	func_80036584	medium	2	u32	1	8	40	s0|s1|s2|s3|s4|ra	addr_taken|orphan
0x800367E0	112	func_800367E0	medium	1	u32	0	1	40	s0|s1|ra	orphan
0x80036850	160	func_80036850	medium	2	u32	0	5	32	s0|s1|ra	orphan
0x800368F0	220	func_800368F0	verified	3	u32	1	1	48	s0|s1|s2|s3|s4|s5|ra	
0x800369CC	80	func_800369CC	verified	2	u32	1	1	24	ra	
0x80036A1C	572	func_80036A1C	verified	2	u32	1	5	32	s0|s1|s2|ra	gp
0x80036C58	256	func_80036C58	verified	2	u32	1	5	56	s0|s1|s2|s3|s4|ra	
0x80036D58	1328	func_80036D58	verified	2	u32	1	11	104	s0|s1|s2|s3|s4|s5|s6|s7|fp|ra	gp
0x80037288	60	func_80037288	medium	1	void	0	1	24	s0|ra	orphan
0x800372C4	60	func_800372C4	medium	1	void	0	1	24	s0|ra	orphan
0x80037300	56	func_80037300	verified	1	void	1	1	24	s0|ra	
0x80037338	36	func_80037338	high	1	u32	3	0	0		leaf
0x8003735C	32	func_8003735C	high	1	u32	8	0	0		leaf
0x8003737C	64	func_8003737C	low	1	u32	1	0	0		leaf|orphan
0x800373BC	248	func_800373BC	verified	0	u32	7	4	24	s0|ra	gp
0x800374B4	492	func_800374B4	verified	1	u32	1	5	32	s0|s1|s2|ra	gp
0x800376A0	12	func_800376A0	high	3	void	10	0	0		leaf
0x800376AC	68	func_800376AC	high	4	u32	16	0	0		leaf
0x800376F0	196	func_800376F0	low	1	u32	0	0	0		leaf|orphan
0x800377B4	16	func_800377B4	low	4	void	5	0	0		leaf|orphan
0x800377C4	40	func_800377C4	low	2	u32	0	0	0		leaf|orphan
0x800377EC	40	func_800377EC	low	1	u32	1	0	0		leaf|orphan
0x80037814	40	func_80037814	low	1	u32	0	0	0		leaf|orphan
0x8003783C	32	func_8003783C	high	1	u32	5	0	0		leaf
0x8003785C	32	func_8003785C	high	1	u32	4	0	0		leaf
0x8003787C	76	func_8003787C	low	3	u32	0	0	0		leaf|orphan
0x800378C8	136	func_800378C8	low	4	u32	2	0	0		leaf|orphan
0x80037950	644	func_80037950	medium	4	u32	1	4	104	s0|s1|s2|s3|s4|s5|s6|s7|ra	orphan
0x80037BD4	624	func_80037BD4	medium	1	u32	0	4	104	s0|s1|s2|s3|s4|s5|s6|s7|ra	orphan
0x80037E44	888	func_80037E44	medium	2	u32	1	6	152	s0|s1|s2|s3|s4|s5|s6|ra	orphan
0x800381BC	176	func_800381BC	low	4	u32	0	0	0		leaf|orphan
0x8003826C	224	func_8003826C	low	4	u32	0	0	0		leaf|orphan
0x8003834C	12	func_8003834C	high	2	void	3	0	0		leaf
0x80038358	12	func_80038358	high	2	void	1	0	0		leaf
0x80038364	92	func_80038364	low	2	u32	0	0	0		leaf|gp|orphan
0x800383C0	92	func_800383C0	low	2	u32	0	0	0		leaf|gp|orphan
0x8003841C	352	func_8003841C	low	4	u32	0	0	0		leaf|gp|orphan
0x8003857C	28	func_8003857C	high	4	void	5	0	0		leaf
0x80038598	32	func_80038598	low	4	u32	0	0	0		leaf|orphan
0x800385B8	560	func_800385B8	high	1	u32	1	0	0		leaf|gp
0x800387E8	312	func_800387E8	verified	3	u32	2	3	40	s0|s1|s2|s3|s4|ra	
0x80038920	168	func_80038920	verified	2	u32	2	3	40	s0|s1|s2|s3|ra	gp
0x800389C8	128	func_800389C8	verified	0	u32	2	2	32	s0|s1|ra	gp
0x80038A48	196	func_80038A48	verified	2	u32	1	2	56	s0|s1|s2|s3|s4|s5|ra	break
0x80038B0C	420	func_80038B0C	verified	0	u32	6	5	32	s0|s1|ra	gp
0x80038CB0	16	func_80038CB0	high	0	u32	3	0	0		leaf|gp
0x80038CC0	224	func_80038CC0	low	1	u32	0	0	0		leaf|orphan
0x80038DA0	468	func_80038DA0	verified	0	u32	6	3	32	s0|s1|ra	gp|indirect
0x80038F74	124	func_80038F74	medium	1	u32	0	1	24	ra	orphan
0x80038FF0	188	func_80038FF0	medium	1	u32	0	1	48	s0|ra	orphan
0x800390AC	80	func_800390AC	verified	1	u32	2	1	48	s0|s1|ra	addr_taken
0x800390FC	304	func_800390FC	medium	1	u32	0	1	32	s0|s1|ra	orphan
0x8003922C	544	func_8003922C	medium	1	u32	0	5	104	s0|s1|s2|s3|ra	orphan
0x8003944C	1748	func_8003944C	verified	1	u32	8	2	40	s0|s1|ra	addr_taken
0x80039B20	508	func_80039B20	verified	4	u32	17	2	56	s0|s1|s2|s3|s4|s5|ra	
0x80039D1C	80	func_80039D1C	verified	4	void	1	2	32	s0|s1|ra	
0x80039D6C	1240	func_80039D6C	verified	1	u32	1	2	56	s0|s1|ra	addr_taken
0x8003A244	440	func_8003A244	medium	3	u32	0	4	40	s0|s1|s2|s3|ra	gp|orphan
0x8003A3FC	320	func_8003A3FC	medium	1	u32	0	1	80	s0|s1|ra	orphan
0x8003A53C	208	func_8003A53C	medium	1	u32	1	1	32	s0|s1|s2|ra	addr_taken|orphan
0x8003A60C	128	func_8003A60C	medium	2	u32	0	3	32	s0|s1|s2|ra	orphan
0x8003A68C	92	func_8003A68C	low	1	u32	0	0	0		leaf|orphan
0x8003A6E8	304	func_8003A6E8	verified	2	u32	1	2	56	s0|s1|s2|ra	
0x8003A818	584	func_8003A818	medium	4	u32	1	3	80	s0|s1|s2|s3|s4|s5|s6|s7|fp|ra	orphan
0x8003AA60	248	func_8003AA60	low	2	u32	3	0	0		leaf|orphan
0x8003AB58	428	func_8003AB58	medium	1	u32	0	1	24	ra	orphan
0x8003AD04	84	func_8003AD04	medium	1	u32	0	1	24	s0|ra	orphan
0x8003AD58	148	func_8003AD58	medium	3	u32	0	2	32	s0|s1|s2|ra	orphan
0x8003ADEC	324	func_8003ADEC	high	1	u32	5	0	0		leaf|break
0x8003AF30	288	func_8003AF30	verified	1	u32	1	2	40	s0|s1|s2|ra	addr_taken
0x8003B050	208	func_8003B050	medium	1	u32	0	2	32	s0|s1|ra	orphan
0x8003B120	372	func_8003B120	medium	1	u32	0	2	24	s0|ra	orphan
0x8003B294	260	func_8003B294	verified	4	u32	2	2	48	s0|s1|s2|s3|s4|s5|s6|ra	
0x8003B398	152	func_8003B398	low	4	u32	0	0	0		leaf|orphan
0x8003B430	1232	func_8003B430	verified	3	u32	14	5	80	s0|s1|s2|s3|s4|s5|s6|s7|fp|ra	
0x8003B900	56	func_8003B900	verified	3	void	7	2	40	s0|ra	
0x8003B938	124	func_8003B938	verified	3	u32	1	3	40	s0|ra	
0x8003B9B4	92	func_8003B9B4	verified	3	u32	1	3	40	s0|ra	
0x8003BA10	16	func_8003BA10	low	3	void	0	0	0		leaf|orphan
0x8003BA20	88	func_8003BA20	medium	4	u32	2	1	32	s0|s1|ra	orphan
0x8003BA78	180	func_8003BA78	medium	1	u32	7	1	24	ra	orphan
0x8003BB2C	240	func_8003BB2C	medium	2	u32	0	1	40	s0|s1|s2|ra	orphan
0x8003BC1C	96	func_8003BC1C	medium	2	u32	0	1	40	s0|s1|s2|ra	orphan
0x8003BC7C	12	func_8003BC7C	high	0	void	1	0	0		leaf|gp
0x8003BC88	4	func_8003BC88	low	0	u32	1	0	0		leaf|gp
0x8003BC8C	52	func_8003BC8C	medium	2	u32	0	0	8		leaf|gp|orphan
0x8003BCC0	180	func_8003BCC0	high	2	u32	11	0	0		leaf
0x8003BD74	68	func_8003BD74	low	1	u32	0	0	0		leaf|orphan
0x8003BDB8	44	func_8003BDB8	verified	1	void	3	1	24	ra	
0x8003BDE4	440	func_8003BDE4	verified	1	u32	1	1	544	ra	
0x8003BF9C	80	func_8003BF9C	verified	0	void	1	3	24	s0|ra	
0x8003BFEC	3852	func_8003BFEC	verified	0	u32	1	11	64	s0|s1|s2|s3|s4|s5|s6|s7|fp|ra	gp
0x8003CEF8	248	func_8003CEF8	medium	3	u32	0	5	32	s0|s1|s2|ra	gp|orphan
0x8003CFF0	1280	func_8003CFF0	verified	3	u32	1	6	104	s0|s1|s2|s3|s4|s5|s6|s7|fp|ra	gp
0x8003D4F0	84	func_8003D4F0	medium	2	u32	0	1	32	s0|s1|ra	orphan
0x8003D544	120	func_8003D544	verified	2	u32	1	1	24	ra	gp
0x8003D5BC	224	func_8003D5BC	medium	3	u32	0	1	56	s0|s1|ra	orphan
0x8003D69C	20	func_8003D69C	low	2	void	0	0	0		leaf|orphan
0x8003D6B0	524	func_8003D6B0	verified	0	u32	1	2	64	s0|s1|ra	gp
0x8003D8BC	108	func_8003D8BC	high	0	u32	1	3	0	ra	
0x8003D928	116	func_8003D928	verified	1	u32	4	2	32	s0|s1|s2|ra	gp
0x8003D99C	372	func_8003D99C	verified	4	u32	2	2	64	s0|s1|ra	break
0x8003DB10	96	func_8003DB10	low	2	u32	0	0	0		leaf|orphan
0x8003DB70	96	func_8003DB70	low	2	u32	0	0	0		leaf|orphan
0x8003DBD0	20	func_8003DBD0	low	1	u32	0	0	0		leaf|orphan
0x8003DBE4	20	func_8003DBE4	low	1	u32	0	0	0		leaf|orphan
0x8003DBF8	176	func_8003DBF8	verified	1	u32	1	1	32	s0|s1|ra	
0x8003DCA8	100	func_8003DCA8	medium	1	u32	0	1	40	ra	orphan
0x8003DD0C	200	func_8003DD0C	medium	2	u32	0	2	32	s0|s1|s2|ra	orphan
0x8003DDD4	200	func_8003DDD4	verified	2	u32	1	2	32	s0|s1|s2|ra	
0x8003DE9C	176	func_8003DE9C	medium	2	u32	1	1	64	s0|ra	orphan
0x8003DF4C	64	func_8003DF4C	low	2	u32	0	0	0		leaf|orphan
0x8003DF9C	60	func_8003DF9C	medium	1	u32	0	0	8		leaf|orphan
0x8003DFD8	572	func_8003DFD8	verified	1	u32	1	8	104	s0|s1|ra	
0x8003E214	84	func_8003E214	medium	0	void	0	3	24	s0|ra	orphan
0x8003E2A0	20	func_8003E2A0	medium	2	void	0	0	16		leaf|orphan
0x8003E2B4	88	func_8003E2B4	verified	2	u32	1	1	32	ra	
0x8003E30C	76	func_8003E30C	medium	2	u32	0	0	8		leaf|orphan
0x8003E358	532	func_8003E358	medium	0	u32	0	2	80	s0|s1|s2|s3|s4|s5|s6|s7|fp|ra	orphan
0x8003E56C	280	func_8003E56C	high	1	u32	5	0	0		leaf|addr_taken
0x8003E684	256	func_8003E684	high	1	u32	5	0	0		leaf|addr_taken
0x8003E784	180	func_8003E784	high	2	u32	1	0	0		leaf|addr_taken
0x8003E838	200	func_8003E838	verified	2	u32	1	2	32	s0|s1|ra	addr_taken
0x8003E900	200	func_8003E900	verified	2	u32	1	2	32	s0|s1|ra	addr_taken
0x8003E9C8	200	func_8003E9C8	verified	2	u32	1	2	32	s0|s1|ra	addr_taken
0x8003EA90	192	func_8003EA90	verified	2	u32	1	2	32	s0|s1|ra	addr_taken
0x8003EB50	192	func_8003EB50	verified	2	u32	1	2	32	s0|s1|ra	addr_taken
0x8003EC10	192	func_8003EC10	verified	2	u32	1	2	32	s0|s1|ra	addr_taken
0x8003ECD0	144	func_8003ECD0	low	2	u32	0	0	0		leaf|orphan
0x8003ED60	144	func_8003ED60	low	2	u32	0	0	0		leaf|orphan
0x8003EDF0	592	func_8003EDF0	verified	2	u32	1	2	32	s0|s1|s2|ra	addr_taken
0x8003F040	596	func_8003F040	medium	2	u32	0	2	40	s0|s1|ra	orphan
0x8003F294	164	func_8003F294	verified	2	u32	1	0	32	s0|s1|ra	gp|addr_taken|indirect
0x8003F338	100	func_8003F338	medium	2	u32	0	1	32	s0|ra	orphan
0x8003F39C	44	func_8003F39C	medium	2	u32	0	1	24	s0|ra	orphan
0x8003F3C8	372	func_8003F3C8	verified	2	u32	1	4	88	s0|s1|s2|s3|ra	
0x8003F53C	8	func_8003F53C	low	0	void	0	0	0		leaf|orphan
0x8003F544	292	func_8003F544	low	3	u32	0	0	0		leaf|orphan
0x8003F668	336	func_8003F668	verified	2	u32	1	0	48		leaf|addr_taken
0x8003F7B8	108	func_8003F7B8	high	2	u32	1	0	0		leaf|addr_taken
0x8003F824	108	func_8003F824	high	2	u32	1	0	0		leaf|addr_taken
0x8003F890	240	func_8003F890	high	0	u32	1	14	0		leaf|gp
0x8003F980	140	func_8003F980	medium	2	u32	1	2	32	s0|s1|s2|ra	orphan
0x8003FA0C	176	func_8003FA0C	medium	3	u32	0	4	64	s0|s1|s2|ra	orphan
0x8003FABC	76	func_8003FABC	high	2	u32	1	0	0		leaf
0x8003FB08	84	func_8003FB08	verified	1	u32	4	1	24	ra	
0x8003FB5C	136	func_8003FB5C	verified	2	u32	11	1	24	ra	
0x8003FBE4	136	func_8003FBE4	medium	2	u32	1	1	24	ra	orphan
0x8003FC6C	136	func_8003FC6C	medium	2	u32	0	1	24	ra	orphan
0x8003FCF4	208	func_8003FCF4	verified	1	u32	10	1	40	ra	
0x8003FDC4	208	func_8003FDC4	medium	1	u32	0	1	40	ra	orphan
0x8003FE94	88	func_8003FE94	low	4	u32	0	0	0		leaf|orphan
0x8003FEEC	204	func_8003FEEC	low	3	u32	0	0	0		leaf|orphan
0x8003FFB8	76	func_8003FFB8	medium	3	u32	0	0	24	s0|ra	leaf|orphan
0x80040004	20	func_80040004	low	3	void	0	0	0		leaf|orphan
0x80040018	8	func_80040018	low	2	void	0	0	0		leaf|orphan
0x80040020	4	func_80040020	low	1	u32	0	0	0		leaf|orphan
0x80040024	4	func_80040024	low	0	void	0	0	0		leaf|orphan
0x80040028	4	func_80040028	low	4	void	0	0	0		leaf|orphan
0x8004002C	4	func_8004002C	low	0	void	0	0	0		leaf|orphan
0x80040030	4	func_80040030	low	0	void	0	0	0		leaf|orphan
0x80040034	180	func_80040034	low	3	u32	0	1	0		break|orphan
0x800400E8	276	func_800400E8	low	4	u32	2	0	0		leaf|orphan
0x800401FC	380	func_800401FC	verified	4	u32	1	0	16		leaf|break|addr_taken
0x80040380	320	func_80040380	medium	4	u32	0	0	32		leaf|orphan
0x800404C0	104	func_800404C0	high	3	u32	1	0	0		leaf
0x80040528	284	func_80040528	low	4	u32	0	0	0		leaf|break|orphan
0x80040644	32	func_80040644	high	0	u32	1	1	0		leaf|gp
0x80040664	124	func_80040664	verified	0	void	1	1	24	ra	
0x800406E0	336	func_800406E0	verified	3	u32	1	1	24	ra	
0x80040830	80	func_80040830	low	2	u32	0	0	0		leaf|orphan
0x80040880	152	func_80040880	low	2	u32	0	0	0		leaf|orphan
0x80040918	80	func_80040918	high	2	u32	23	0	0		leaf
0x80040968	80	func_80040968	high	2	u32	1	0	0		leaf
0x800409B8	80	func_800409B8	high	2	u32	3	0	0		leaf
0x80040A08	40	func_80040A08	low	2	u32	0	0	0		leaf|orphan
0x80040A30	80	func_80040A30	high	2	u32	4	0	0		leaf
0x80040A80	80	func_80040A80	low	2	u32	0	0	0		leaf|orphan
0x80040AD0	80	func_80040AD0	low	2	u32	0	0	0		leaf|orphan
0x80040B20	84	func_80040B20	low	2	u32	0	0	0		leaf|orphan
0x80040B74	84	func_80040B74	low	2	u32	0	0	0		leaf|orphan
0x80040BC8	84	func_80040BC8	low	2	u32	0	0	0		leaf|orphan
0x80040C1C	84	func_80040C1C	high	2	u32	3	0	0		leaf
0x80040C70	112	func_80040C70	low	3	u32	0	0	0		leaf|orphan
0x80040CE0	172	func_80040CE0	low	3	u32	0	0	0		leaf|orphan
0x80040D8C	136	func_80040D8C	low	3	u32	0	0	0		leaf|orphan
0x80040E14	108	func_80040E14	low	3	u32	1	0	0		leaf|orphan
0x80040E80	108	func_80040E80	high	3	u32	1	0	0		leaf
0x80040EEC	120	func_80040EEC	high	3	u32	2	0	0		leaf
0x80040F64	152	func_80040F64	low	3	u32	3	0	0		leaf
0x80040FFC	8	func_80040FFC	low	1	void	0	0	0		leaf|orphan
0x80041004	4	func_80041004	low	0	void	0	0	0		leaf|orphan
0x80041008	136	func_80041008	low	3	u32	0	0	0		leaf|orphan
0x80041090	80	func_80041090	low	2	u32	0	0	0		leaf|orphan
0x800410E0	80	func_800410E0	low	3	u32	0	0	0		leaf|orphan
0x80041130	80	func_80041130	high	2	u32	1	0	0		leaf
0x80041180	128	func_80041180	high	3	u32	1	0	0		leaf
0x80041200	312	func_80041200	medium	4	u32	0	2	88	s0|ra	orphan
0x80041338	768	func_80041338	medium	2	u32	7	0	16	s0|s1|s2	leaf|orphan
0x80041638	2036	func_80041638	medium	3	u32	2	7	200	s0|s1|s2|s3|s4|s5|s6|s7|fp|ra	orphan
0x80041E2C	292	func_80041E2C	medium	2	u32	0	1	40	s0|s1|s2|s3|s4|ra	orphan
0x80041F50	172	func_80041F50	medium	2	u32	1	0	48	s0|s1|s2|s3|s4|s5|ra	leaf
0x80041FFC	356	func_80041FFC	low	1	u32	0	1	0		orphan
0x80042160	96	func_80042160	low	1	u32	0	0	0		leaf|orphan
0x800421C0	124	func_800421C0	verified	0	u32	1	1	32	s0|s1|ra	
0x8004223C	48	func_8004223C	verified	0	void	1	1	32	ra	
0x8004226C	124	func_8004226C	verified	0	u32	2	4	48	ra	gp
0x800422E8	76	func_800422E8	medium	0	void	0	3	40	ra	gp|orphan
0x80042334	120	func_80042334	verified	1	u32	3	1	32	ra	
0x800423AC	228	func_800423AC	verified	1	u32	3	1	32	ra	
0x80042490	336	func_80042490	high	1	u32	8	5	0	s0|s1|ra	gp
0x800425E0	80	func_800425E0	high	0	u32	4	2	0	ra	gp
0x80042630	64	func_80042630	high	0	u32	1	1	0	ra	gp
0x80042670	4	func_80042670	low	0	u32	1	0	0		leaf|gp
0x80042674	68	func_80042674	medium	0	u32	0	1	24	ra	gp|orphan
0x800426BC	180	func_800426BC	medium	2	u32	0	4	32	ra	gp|orphan
0x80042770	72	func_80042770	low	0	u32	1	0	0		leaf|gp|orphan
0x800427B8	548	func_800427B8	medium	4	u32	0	13	56	s0|s1|s2|s3|s4|s5|s6|ra	orphan
0x800429DC	100	func_800429DC	medium	0	u32	0	1	32	s0|s1|s2|ra	orphan
0x80042A40	180	func_80042A40	low	2	u32	0	2	0		orphan
0x80042AF4	148	func_80042AF4	verified	1	u32	2	2	40	s0|s1|s2|s3|ra	
0x80042B88	100	func_80042B88	verified	2	void	2	4	32	s0|s1|ra	
0x80042BEC	64	func_80042BEC	verified	1	u32	2	1	24	s0|ra	
0x80042C2C	44	func_80042C2C	high	3	u32	3	0	0		leaf
0x80042C58	252	func_80042C58	verified	2	u32	2	1	48	s0|s1|ra	
0x80042D54	264	func_80042D54	medium	3	u32	0	5	80	s0|s1|s2|s3|ra	orphan
0x80042E5C	404	func_80042E5C	medium	4	u32	5	8	128	s0|s1|s2|s3|s4|s5|s6|ra	
0x80042FF0	272	func_80042FF0	low	2	u32	0	2	0		orphan
0x80043100	344	func_80043100	verified	0	u32	1	5	40	s0|s1|ra	
0x80043258	664	func_80043258	verified	0	u32	1	6	48	s0|s1|s2|s3|ra	gp
0x800434F0	4	func_800434F0	low	0	u32	1	0	0		leaf|gp
0x800434F4	1032	func_800434F4	medium	0	u32	0	8	56	s0|s1|ra	gp|orphan
0x800438FC	268	func_800438FC	verified	0	u32	1	4	32	ra	gp
0x80043A08	392	func_80043A08	verified	0	u32	1	3	32	s0|ra	gp
0x80043B90	708	func_80043B90	verified	0	u32	1	4	88	s0|s1|s2|s3|s4|ra	gp
0x80043E54	252	func_80043E54	verified	0	u32	1	3	32	s0|ra	
0x80043F50	692	func_80043F50	verified	1	u32	1	13	40	s0|ra	gp
0x80044204	12	func_80044204	high	0	void	1	0	0		leaf|gp
0x80044210	608	func_80044210	verified	0	u32	1	6	80	s0|s1|s2|s3|s4|s5|s6|s7|fp|ra	gp
0x80044470	20	func_80044470	medium	0	u32	1	0	48		leaf|orphan
0x80044484	136	func_80044484	medium	0	u32	0	4	40	s0|s1|ra	gp|orphan
0x8004450C	164	func_8004450C	low	2	u32	0	0	0		leaf|orphan
0x800445B0	172	func_800445B0	low	2	u32	0	0	0		leaf|orphan
0x8004465C	1636	func_8004465C	medium	1	u32	0	0	32	s0|s1|s2|s3	leaf|orphan
0x80044CC0	8	func_80044CC0	low	0	void	0	0	0		leaf|orphan
0x80044CC8	1656	func_80044CC8	medium	3	u32	1	0	16		leaf|orphan
0x80045340	232	func_80045340	medium	1	u32	1	2	64	s0|s1|s2|s3|s4|s5|ra	orphan
0x80045428	708	func_80045428	verified	3	u32	1	6	56	s0|s1|s2|ra	gte|gp
0x800456EC	972	func_800456EC	verified	0	u32	1	4	80	s0|s1|s2|s3|s4|s5|s6|s7|ra	gte|gp
0x80045AB8	688	func_80045AB8	verified	1	u32	1	1	72	s0|s1|s2|s3|s4|s5|s6|ra	gte
0x80045D68	244	func_80045D68	high	3	u32	1	0	0		leaf|break
0x80045E5C	420	func_80045E5C	high	2	u32	1	0	0		leaf|gp
0x80046000	260	func_80046000	verified	1	u32	1	1	24	s0|ra	gp
0x80046104	220	func_80046104	verified	0	u32	1	6	80	s0|s1|ra	
0x800461E0	44	func_800461E0	low	1	u32	0	0	0		leaf|orphan
0x8004620C	312	func_8004620C	verified	2	u32	1	3	72	s0|s1|s2|s3|s4|s5|s6|s7|ra	gp
0x80046344	272	func_80046344	high	2	u32	1	0	0		leaf|gp
0x80046454	1484	func_80046454	verified	3	u32	1	4	184	s0|s1|s2|s3|s4|s5|s6|s7|fp|ra	gp
0x80046A20	48	func_80046A20	high	0	void	1	0	0		leaf|gp
0x80046A50	136	func_80046A50	verified	0	u32	1	1	32	s0|s1|s2|ra	gp
0x80046AD8	156	func_80046AD8	medium	1	u32	0	1	24	ra	orphan
0x80046B74	164	func_80046B74	verified	1	u32	3	1	24	ra	
0x80046C18	256	func_80046C18	verified	1	u32	3	4	32	s0|s1|ra	
0x80046D18	892	func_80046D18	verified	0	u32	1	7	40	s0|s1|s2|s3|s4|ra	
0x80047094	8	func_80047094	high	0	void	1	0	0		leaf
0x8004709C	300	func_8004709C	verified	1	u32	2	4	88	s0|s1|s2|s3|s4|ra	
0x800471C8	56	func_800471C8	high	2	u32	1	0	0		leaf
0x80047200	56	func_80047200	high	1	u32	1	0	0		leaf
0x80047238	68	func_80047238	low	2	u32	0	0	0		leaf|orphan
0x8004727C	68	func_8004727C	low	2	u32	0	0	0		leaf|orphan
0x800472C0	68	func_800472C0	high	2	u32	1	0	0		leaf
0x80047304	48	func_80047304	high	1	u32	10	0	0		leaf
0x80047334	84	func_80047334	high	2	u32	1	0	0		leaf|gp
0x80047388	60	func_80047388	high	1	u32	1	0	0		leaf|gp
0x800473C4	52	func_800473C4	high	2	u32	2	0	0		leaf
0x800473F8	88	func_800473F8	verified	4	u32	2	1	24	ra	
0x80047450	72	func_80047450	low	4	u32	0	0	0		leaf|orphan
0x80047498	40	func_80047498	high	1	u32	2	0	0		leaf
0x800474C0	36	func_800474C0	low	1	u32	0	0	0		leaf|orphan
0x800474E4	200	func_800474E4	medium	4	u32	1	2	48	s0|s1|s2|s3|s4|s5|s6|ra	orphan
0x800475AC	48	func_800475AC	high	4	u32	13	0	0		leaf
0x800475DC	68	func_800475DC	high	2	u32	1	0	0		leaf
0x80047620	56	func_80047620	low	2	u32	1	0	0		leaf|orphan
0x80047658	40	func_80047658	low	2	u32	1	0	0		leaf|orphan
0x80047680	248	func_80047680	verified	3	u32	1	2	48	s0|s1|s2|s3|ra	
0x80047778	64	func_80047778	high	3	u32	2	0	0		leaf
0x800477B8	176	func_800477B8	verified	4	u32	6	1	40	s0|s1|s2|s3|ra	
0x80047868	36	func_80047868	high	1	u32	6	0	0		leaf
0x8004788C	64	func_8004788C	low	2	u32	1	0	0		leaf|orphan
0x800478CC	768	func_800478CC	verified	1	u32	1	7	96	s0|s1|s2|s3|ra	
0x80047BCC	172	func_80047BCC	verified	1	u32	12	1	32	s0|s1|ra	
0x80047C78	76	func_80047C78	medium	3	u32	0	1	40	ra	orphan
0x80047CC4	112	func_80047CC4	verified	1	u32	3	1	24	s0|ra	
0x80047D34	372	func_80047D34	low	4	u32	0	0	0		leaf|break|orphan
0x80047EA8	2452	func_80047EA8	verified	2	u32	1	6	128	s0|s1|s2|s3|s4|s5|ra	break
0x8004883C	1492	func_8004883C	verified	2	u32	2	2	64	s0|s1|s2|s3|ra	break
0x80048E10	16	func_80048E10	medium	0	void	0	0	24		leaf|orphan
0x80048E20	624	func_80048E20	low	0	u32	0	5	0	s0|s1|ra	gp|orphan
0x80049090	176	func_80049090	verified	1	u32	2	2	24	s0|ra	
0x80049140	388	func_80049140	verified	2	u32	9	2	56	s0|s1|s2|s3|ra	
0x800492C4	72	func_800492C4	verified	1	u32	13	1	24	s0|ra	
0x8004930C	52	func_8004930C	low	2	u32	0	0	0		leaf|orphan
0x80049340	84	func_80049340	medium	1	u32	0	1	24	s0|ra	orphan
0x80049394	1512	func_80049394	verified	3	u32	1	9	104	s0|s1|s2|s3|s4|s5|ra	
0x8004997C	44	func_8004997C	low	2	u32	0	0	0		leaf|orphan
0x800499A8	344	func_800499A8	medium	4	u32	0	3	96	s0|s1|ra	orphan
0x80049B00	3404	func_80049B00	verified	2	u32	1	13	248	s0|s1|s2|s3|s4|s5|s6|s7|fp|ra	break|gp
0x8004A84C	184	func_8004A84C	verified	1	u32	1	4	32	s0|s1|ra	
0x8004A904	500	func_8004A904	medium	2	u32	0	5	80	s0|s1|s2|s3|s4|ra	orphan
0x8004AAF8	440	func_8004AAF8	medium	2	u32	7	8	112	s0|s1|s2|ra	orphan
0x8004ACB0	176	func_8004ACB0	medium	1	u32	2	3	40	s0|ra	orphan
0x8004AD60	92	func_8004AD60	medium	1	u32	0	2	24	s0|ra	orphan
0x8004ADBC	92	func_8004ADBC	medium	1	u32	0	2	24	s0|ra	orphan
0x8004AE18	92	func_8004AE18	medium	1	u32	0	2	24	s0|ra	orphan
0x8004AE74	8	func_8004AE74	low	0	void	0	0	0		leaf|orphan
0x8004AE7C	164	func_8004AE7C	low	4	u32	0	0	0		leaf|orphan
0x8004AF20	160	func_8004AF20	low	4	u32	0	0	0		leaf|orphan
0x8004AFC0	92	func_8004AFC0	low	4	u32	1	0	0		leaf|orphan
0x8004B01C	108	func_8004B01C	low	4	u32	0	0	0		leaf|orphan
0x8004B088	112	func_8004B088	low	3	u32	0	0	0		leaf|orphan
0x8004B0F8	64	func_8004B0F8	low	2	u32	0	0	0		leaf|orphan
0x8004B138	72	func_8004B138	high	4	u32	7	0	0		leaf
0x8004B180	100	func_8004B180	medium	4	u32	2	1	32	s0|s1|s2|ra	orphan
0x8004B1E4	8	func_8004B1E4	low	0	void	0	0	0		leaf|orphan
0x8004B1EC	112	func_8004B1EC	low	4	u32	0	0	0		leaf|orphan
0x8004B25C	736	func_8004B25C	medium	2	u32	4	2	40	s0|s1|s2|s3|ra	orphan
0x8004B53C	808	func_8004B53C	medium	1	u32	1	4	72	s0|s1|s2|s3|s4|s5|s6|ra	orphan
0x8004B864	1108	func_8004B864	medium	1	u32	4	10	64	s0|s1|s2|s3|s4|s5|ra	orphan
0x8004BCB8	1084	func_8004BCB8	medium	2	u32	1	9	104	s0|s1|s2|s3|s4|s5|s6|s7|fp|ra	orphan
0x8004C0F4	1680	func_8004C0F4	medium	2	u32	1	9	96	s0|s1|s2|s3|s4|s5|s6|s7|fp|ra	orphan
0x8004C784	2396	func_8004C784	medium	2	u32	1	10	80	s0|s1|s2|s3|s4|s5|s6|s7|fp|ra	orphan
0x8004D0E0	388	func_8004D0E0	medium	2	u32	1	5	32	s0|s1|s2|ra	orphan
0x8004D264	1024	func_8004D264	medium	4	u32	1	4	80	s0|s1|s2|s3|s4|s5|s6|s7|fp|ra	orphan
0x8004D664	1464	func_8004D664	medium	2	u32	2	13	72	s0|s1|s2|s3|s4|s5|s6|ra	addr_taken|orphan
0x8004DC1C	824	func_8004DC1C	medium	2	u32	3	7	56	s0|s1|s2|s3|s4|s5|ra	addr_taken|orphan
0x8004DF54	996	func_8004DF54	medium	2	u32	3	8	64	s0|s1|s2|s3|s4|s5|ra	addr_taken|orphan
0x8004E338	1004	func_8004E338	medium	2	u32	3	5	64	s0|s1|s2|s3|s4|s5|s6|s7|fp|ra	orphan
0x8004E724	2372	func_8004E724	medium	2	u32	2	8	88	s0|s1|s2|s3|s4|ra	orphan
0x8004F068	224	func_8004F068	medium	2	u32	0	3	24	ra	orphan
0x8004F148	628	func_8004F148	medium	2	u32	0	8	40	s0|s1|s2|s3|ra	orphan
0x8004F3BC	40	func_8004F3BC	low	1	u32	3	0	0		leaf|orphan
0x8004F3E4	88	func_8004F3E4	medium	3	u32	7	0	8		leaf|orphan
0x8004F43C	60	func_8004F43C	low	1	u32	1	0	0		leaf|orphan
0x8004F478	12	func_8004F478	low	1	void	3	0	0		leaf|orphan
0x8004F484	340	func_8004F484	medium	1	u32	0	1	48	s0|s1|ra	orphan
0x8004F5D8	1044	func_8004F5D8	medium	3	u32	0	0	8		leaf|orphan
0x8004F9EC	88	func_8004F9EC	high	0	u32	1	0	0		leaf|gp
0x8004FA44	244	func_8004FA44	verified	2	u32	1	2	48	s0|s1|s2|s3|s4|ra	gp
0x8004FB38	12	func_8004FB38	low	4	void	3	0	0		leaf
0x8004FB44	464	func_8004FB44	medium	2	u32	0	1	304	s0|s1|s2|s3|s4|s5|ra	orphan
0x8004FD14	2252	func_8004FD14	verified	4	u32	27	2	608	s0|s1|s2|s3|s4|s5|s6|s7|fp|ra	gp
0x800505E0	656	func_800505E0	high	2	u32	2	0	0		leaf|gp
0x80050870	356	func_80050870	medium	0	u32	1	27	24	ra	gp
0x800509E4	664	func_800509E4	verified	0	u32	2	2	40	s0|s1|s2|s3|s4|ra	gp
0x80050C7C	76	func_80050C7C	high	0	u32	1	0	0		leaf|gp
0x80050CC8	4	func_80050CC8	low	0	u32	2	0	0		leaf|gp
0x80050CCC	692	func_80050CCC	medium	1	u32	0	11	32	s0|s1|s2|ra	gp|orphan
0x80050F80	420	func_80050F80	verified	4	u32	3	4	32	s0|s1|ra	gp
0x80051124	360	func_80051124	high	0	u32	4	3	0	ra	gp
0x8005128C	4	func_8005128C	medium	0	u32	2	0	0		leaf|gp|addr_taken
0x80051290	176	func_80051290	medium	0	u32	0	2	24	ra	break|gp|orphan
0x80051344	372	func_80051344	medium	0	u32	0	3	32	s0|ra	gp|orphan
0x800514B8	576	func_800514B8	verified	0	u32	1	9	32	s0|s1|ra	gp
0x800516F8	1180	func_800516F8	verified	1	u32	3	28	72	s0|s1|s2|s3|s4|s5|ra	gp
0x80051B94	92	func_80051B94	high	1	u32	6	0	0		leaf
0x80051BF0	72	func_80051BF0	verified	0	u32	1	3	24	ra	gp|addr_taken
0x80051C38	28	func_80051C38	high	0	u32	1	0	0		leaf|gp|addr_taken
0x80051C54	8	func_80051C54	low	0	void	0	0	0		leaf|orphan
0x80051C5C	24	func_80051C5C	low	1	u32	1	0	0		leaf|orphan
0x80051C74	448	func_80051C74	verified	1	u32	1	4	112	s0|s1|s2|s3|s4|s5|s6|ra	break|gp
0x80051E34	188	func_80051E34	verified	3	u32	2	1	88	ra	
0x80051EF0	228	func_80051EF0	medium	3	u32	0	5	40	s0|s1|ra	orphan
0x80051FD4	216	func_80051FD4	verified	4	u32	1	4	32	s0|s1|s2|ra	
0x800520AC	12	func_800520AC	high	1	void	3	0	0		leaf|gp
0x800520B8	384	func_800520B8	verified	0	u32	1	9	144	s0|ra	gp
0x80052238	32	func_80052238	medium	0	void	0	1	24	ra	orphan
0x80052258	532	func_80052258	verified	4	u32	55	2	48	s0|s1|s2|s3|s4|s5|ra	gp
0x8005246C	204	func_8005246C	medium	2	u32	0	1	88	ra	orphan
0x80052538	200	func_80052538	medium	2	u32	0	1	88	ra	orphan
0x80052600	104	func_80052600	medium	1	u32	0	1	24	s0|ra	orphan
0x80052668	248	func_80052668	verified	0	u32	1	3	40	s0|s1|s2|s3|s4|ra	
0x80052760	40	func_80052760	high	1	u32	3	0	0		leaf
0x80052788	4	func_80052788	low	0	u32	1	0	0		leaf|gp
0x8005278C	660	func_8005278C	medium	0	u32	0	6	120	s0|s1|s2|s3|s4|s5|s6|s7|fp|ra	break|gp|orphan
0x80052A20	8	func_80052A20	low	0	void	0	0	0		leaf|orphan
0x80052A28	8	func_80052A28	low	0	void	0	0	0		leaf|orphan
0x80052A30	8	func_80052A30	low	0	void	0	0	0		leaf|orphan
0x80052A38	8	func_80052A38	low	0	u32	0	0	0		leaf|orphan
0x80052A40	8	func_80052A40	low	0	u32	0	0	0		leaf|orphan
0x80052A48	8	func_80052A48	low	0	u32	0	0	0		leaf|orphan
0x80052A50	8	func_80052A50	low	0	void	0	0	0		leaf|orphan
0x80052A58	288	func_80052A58	verified	1	u32	1	1	24	s0|ra	
0x80052B78	352	func_80052B78	verified	4	u32	2	2	56	s0|s1|s2|s3|s4|s5|s6|s7|ra	
0x80052CD8	312	func_80052CD8	medium	1	u32	1	2	32	s0|ra	orphan
0x80052E10	464	func_80052E10	verified	4	u32	12	4	48	s0|s1|s2|s3|ra	gp
0x80052FE0	352	func_80052FE0	verified	1	u32	1	2	56	s0|s1|s2|s3|s4|s5|s6|ra	
0x80053140	1016	func_80053140	verified	0	u32	1	7	96	s0|s1|s2|s3|s4|s5|s6|s7|fp|ra	
0x80053538	596	func_80053538	verified	3	u32	1	10	104	s0|s1|s2|s3|s4|ra	
0x8005378C	8	func_8005378C	low	0	void	0	0	0		leaf|orphan
0x80053794	8	func_80053794	low	0	void	1	0	0		leaf|orphan
0x8005379C	40	func_8005379C	low	0	u32	0	0	0		leaf|gp|orphan
0x800537C4	76	func_800537C4	medium	1	u32	0	2	24	s0|ra	orphan
0x80053810	156	func_80053810	low	3	u32	0	0	0		leaf|orphan
0x800538AC	432	func_800538AC	medium	4	u32	0	6	56	s0|s1|s2|s3|s4|s5|s6|ra	orphan
0x80053A5C	292	func_80053A5C	medium	2	u32	0	11	40	s0|s1|s2|ra	gp|orphan
0x80053B80	232	func_80053B80	medium	2	u32	0	1	88	ra	orphan
0x80053C68	276	func_80053C68	medium	2	u32	0	1	96	ra	orphan
0x80053D7C	252	func_80053D7C	verified	1	u32	2	1	104	ra	
0x80053E78	1988	func_80053E78	verified	3	u32	1	34	144	s0|s1|s2|s3|s4|s5|s6|s7|fp|ra	gp
0x8005463C	376	func_8005463C	verified	1	u32	1	2	56	s0|s1|s2|s3|s4|s5|s6|s7|ra	gp
0x800547B4	8	func_800547B4	low	2	u32	0	0	0		leaf|orphan
0x800547BC	16	func_800547BC	high	2	u32	1	0	0		leaf|addr_taken
0x800547CC	456	func_800547CC	high	0	u32	1	0	0		leaf|gp
0x80054994	764	func_80054994	verified	0	u32	2	2	24	s0|ra	break
0x80054C90	332	func_80054C90	verified	1	u32	1	7	32	s0|s1|ra	gp
0x80054DDC	152	func_80054DDC	verified	1	u32	4	0	8		leaf
0x80054E74	720	func_80054E74	verified	0	u32	1	1	48	s0|s1|s2|s3|s4|s5|s6|ra	gp
0x80055144	128	func_80055144	verified	4	u32	1	2	32	s0|s1|s2|ra	
0x800551C4	384	func_800551C4	verified	4	u32	3	4	56	s0|s1|s2|s3|s4|s5|s6|s7|ra	
0x80055344	536	func_80055344	verified	1	u32	3	7	56	s0|s1|s2|s3|s4|s5|s6|s7|ra	
0x8005555C	924	func_8005555C	verified	1	u32	7	6	64	s0|s1|s2|s3|s4|s5|s6|s7|fp|ra	gp
0x800558F8	412	func_800558F8	verified	0	u32	1	2	48	s0|s1|s2|s3|s4|ra	gp
0x80055A94	452	func_80055A94	verified	0	u32	1	6	56	s0|s1|s2|s3|s4|s5|s6|s7|fp|ra	
0x80055C58	384	func_80055C58	high	1	u32	8	0	0		leaf|gp
0x80055DD8	744	func_80055DD8	verified	0	u32	1	1	24	s0|ra	
0x800560C0	904	func_800560C0	verified	1	u32	5	2	32	s0|s1|s2|ra	gp
0x80056448	564	func_80056448	verified	1	u32	4	8	32	s0|s1|s2|ra	gp
0x8005667C	72	func_8005667C	verified	2	void	1	1	24	ra	gp
0x800566C4	8	func_800566C4	low	0	u32	1	0	0		leaf|gp
0x800566CC	152	func_800566CC	medium	0	u32	0	1	40	s0|ra	gp|orphan
0x80056764	2588	func_80056764	verified	1	u32	1	27	72	s0|s1|s2|ra	gp
0x80057180	1000	func_80057180	medium	1	u32	1	5	48	s0|s1|s2|s3|s4|ra	gp|orphan
0x80057568	684	func_80057568	medium	1	u32	1	5	48	s0|s1|s2|s3|ra	gp|orphan
0x80057814	360	func_80057814	medium	1	u32	1	3	32	s0|s1|s2|ra	gp|orphan
0x8005797C	388	func_8005797C	high	0	u32	2	0	0		leaf|gp
0x80057B00	4	func_80057B00	low	0	u32	2	0	0		leaf|gp|orphan
0x80057B04	812	func_80057B04	medium	1	u32	0	9	48	s0|s1|s2|s3|s4|ra	gp|orphan
0x80057E30	364	func_80057E30	medium	1	u32	1	4	32	s0|s1|ra	gp|orphan
0x80057F9C	4	func_80057F9C	low	0	u32	1	0	0		leaf|gp
0x80057FA0	1684	func_80057FA0	medium	0	u32	0	12	72	s0|s1|s2|s3|s4|s5|s6|s7|fp|ra	gp|orphan
0x80058634	1312	func_80058634	verified	0	u32	1	4	56	s0|s1|s2|s3|s4|s5|s6|ra	gp
0x80058B54	940	func_80058B54	verified	0	u32	1	1	56	s0|s1|ra	gp
0x80058F00	224	func_80058F00	verified	0	u32	1	2	40	s0|s1|s2|s3|ra	gp
0x80058FE0	584	func_80058FE0	verified	0	u32	2	1	32	s0|ra	gp
0x80059228	2728	func_80059228	verified	1	u32	1	28	56	s0|s1|s2|s3|s4|s5|s6|s7|fp|ra	gp
0x80059CD0	112	func_80059CD0	high	1	u32	5	0	0		leaf
0x80059D40	32	func_80059D40	high	1	u32	8	0	0		leaf
0x80059D60	60	func_80059D60	high	2	u32	2	0	0		leaf
0x80059D9C	108	func_80059D9C	high	2	u32	3	0	0		leaf
0x80059E08	48	func_80059E08	low	1	u32	15	0	0		leaf|orphan
0x80059E38	76	func_80059E38	low	2	u32	4	0	0		leaf|orphan
0x80059E84	96	func_80059E84	high	2	u32	5	0	0		leaf
0x80059EE4	16	func_80059EE4	high	0	u32	3	0	0		leaf
0x80059EF4	16	func_80059EF4	high	1	u32	6	0	0		leaf
0x80059F04	28	func_80059F04	high	1	u32	6	0	0		leaf
0x80059F20	28	func_80059F20	high	1	u32	5	0	0		leaf
0x80059F3C	16	func_80059F3C	high	0	u32	4	0	0		leaf
0x80059F4C	16	func_80059F4C	low	0	u32	0	0	0		leaf|orphan
0x80059F5C	80	func_80059F5C	high	3	u32	10	0	0		leaf
0x80059FAC	2312	func_80059FAC	low	0	u32	1	3	0	s0|s1|ra	gp|orphan
0x8005A8B4	4	func_8005A8B4	low	0	u32	1	0	0		leaf|gp
0x8005A8B8	1536	func_8005A8B8	low	0	u32	0	5	0	s0|s1|s2|s3|ra	gp|orphan
0x8005AEB8	836	func_8005AEB8	high	1	u32	1	0	0		leaf
0x8005B1FC	1428	func_8005B1FC	high	0	u32	1	6	0	s0|s1|s2|ra	gp
0x8005B790	1128	func_8005B790	verified	0	u32	1	2	24	s0|ra	gp
0x8005BBF8	1008	func_8005BBF8	verified	0	u32	1	11	32	s0|s1|ra	gp
0x8005BFE8	2460	func_8005BFE8	verified	0	u32	1	18	72	s0|s1|s2|s3|s4|s5|s6|s7|fp|ra	gp
0x8005C984	136	func_8005C984	medium	0	u32	0	3	32	s0|s1|ra	orphan
0x8005CA0C	40	func_8005CA0C	verified	0	void	1	2	24	ra	
0x8005CA34	1244	func_8005CA34	verified	3	u32	1	6	80	s0|s1|s2|s3|s4|s5|s6|s7|fp|ra	gp
0x8005CF10	1900	func_8005CF10	verified	4	u32	1	2	64	s0|s1|s2|s3|s4|s5|s6|s7|fp|ra	break|gp
0x8005D67C	92	func_8005D67C	low	1	u32	6	0	0		leaf|orphan
0x8005D6D8	664	func_8005D6D8	verified	1	u32	1	1	32	s0|ra	
0x8005D970	2144	func_8005D970	verified	1	u32	2	1	104	s0|s1|s2|s3|s4|s5|s6|ra	break|gp|addr_taken
0x8005E1D0	1068	func_8005E1D0	verified	1	u32	2	1	80	s0|s1|s2|s3|s4|s5|s6|ra	break|gp|addr_taken
0x8005E5FC	1100	func_8005E5FC	verified	1	u32	2	1	88	s0|s1|s2|s3|s4|s5|s6|s7|fp|ra	break|gp|addr_taken
0x8005EA48	1248	func_8005EA48	verified	1	u32	2	1	88	s0|s1|s2|s3|s4|s5|s6|s7|fp|ra	addr_taken
0x8005EF28	80	func_8005EF28	medium	0	u32	0	2	24	ra	gp|orphan
0x8005EF78	196	func_8005EF78	medium	0	u32	0	4	24	s0|ra	gp|orphan
0x8005F040	256	func_8005F040	medium	0	u32	0	4	24	s0|ra	gp|orphan
0x8005F140	92	func_8005F140	medium	0	u32	0	3	24	ra	gp|orphan
0x8005F19C	8	func_8005F19C	low	0	u32	0	0	0		leaf|orphan
0x8005F1A4	56	func_8005F1A4	medium	0	u32	0	2	24	ra	orphan
0x8005F1DC	76	func_8005F1DC	low	0	u32	0	2	0	ra	gp|orphan
0x8005F22C	68	func_8005F22C	medium	1	u32	0	2	24	ra	gp|orphan
0x8005F270	8	func_8005F270	low	0	u32	0	0	0		leaf|orphan
0x8005F278	40	func_8005F278	medium	0	void	0	1	24	ra	gp|orphan
0x8005F2A0	84	func_8005F2A0	medium	0	u32	0	1	24	ra	orphan
0x8005F2F4	128	func_8005F2F4	medium	0	u32	0	1	32	s0|s1|s2|ra	orphan
0x8005F374	324	func_8005F374	verified	0	u32	2	4	3888	s0|s1|s2|ra	
0x8005F4B8	4124	func_8005F4B8	verified	2	u32	2	28	304	s0|s1|s2|s3|s4|s5|s6|s7|fp|ra	gte|break|gp
0x800604D4	1764	func_800604D4	verified	2	u32	13	6	96	s0|s1|s2|s3|s4|s5|s6|s7|fp|ra	gp|indirect
0x80060BB8	1660	func_80060BB8	verified	2	u32	2	10	80	s0|s1|s2|s3|s4|s5|s6|ra	gp|indirect
0x80061234	92	func_80061234	medium	0	u32	0	2	40	ra	orphan
0x80061290	92	func_80061290	medium	0	u32	0	2	40	ra	orphan
0x800612EC	92	func_800612EC	medium	0	u32	0	2	40	ra	orphan
0x80061348	144	func_80061348	medium	0	u32	3	1	40	ra	gp|orphan
0x800613D8	220	func_800613D8	medium	0	u32	0	2	56	s0|s1|ra	orphan
0x800614B4	32	func_800614B4	low	0	u32	0	0	0		leaf|gp|orphan
0x800614D4	112	func_800614D4	medium	0	u32	1	1	40	ra	gp|orphan
0x80061548	232	func_80061548	medium	0	u32	0	4	24	s0|ra	gp|orphan
0x80061634	256	func_80061634	medium	0	u32	0	5	24	s0|ra	gp|orphan
0x80061738	412	func_80061738	medium	0	u32	0	5	24	s0|ra	gp|orphan
0x800618D4	324	func_800618D4	low	0	u32	1	4	0	s0|ra	orphan
0x80061A18	448	func_80061A18	verified	0	u32	1	10	56	s0|s1|s2|s3|ra	gp
0x80061BD8	1200	func_80061BD8	verified	0	u32	1	9	72	s0|s1|s2|s3|s4|s5|s6|s7|fp|ra	gp
0x80062088	1816	func_80062088	verified	1	u32	1	15	408	s0|s1|s2|s3|s4|s5|s6|s7|fp|ra	gp
0x800627A0	2472	func_800627A0	verified	0	u32	2	13	136	s0|s1|s2|s3|s4|s5|s6|s7|fp|ra	
0x80063148	708	func_80063148	verified	0	u32	2	8	80	s0|s1|s2|s3|s4|s5|s6|s7|fp|ra	
0x8006340C	84	func_8006340C	verified	0	u32	1	2	32	ra	
0x80063460	208	func_80063460	low	4	u32	0	0	0		leaf|orphan
0x80063530	636	func_80063530	verified	0	u32	1	8	64	s0|s1|s2|s3|s4|s5|s6|ra	
0x800637AC	568	func_800637AC	verified	1	u32	1	13	56	s0|s1|s2|s3|s4|ra	
0x800639E4	224	func_800639E4	verified	0	u32	1	3	24	ra	
0x80063AC8	68	func_80063AC8	medium	0	void	0	1	24	ra	gp|orphan
0x80063B10	68	func_80063B10	medium	0	void	0	1	24	ra	gp|orphan
0x80063B54	144	func_80063B54	medium	0	u32	0	1	24	s0|ra	gp|orphan
0x80063BE4	144	func_80063BE4	medium	0	u32	0	1	24	s0|ra	gp|orphan
0x80063C74	864	func_80063C74	verified	1	u32	3	7	168	s0|s1|s2|s3|ra	gp
0x80063FD4	440	func_80063FD4	medium	1	u32	1	4	32	s0|s1|s2|ra	gp|orphan
0x8006418C	40	func_8006418C	medium	0	u32	0	1	24	ra	orphan
0x800641B4	8	func_800641B4	high	0	u32	2	0	0		leaf
0x800641BC	8	func_800641BC	high	0	u32	2	0	0		leaf
0x800641C4	880	func_800641C4	verified	4	u32	1	8	320	s0|s1|s2|s3|s4|s5|s6|s7|ra	gp
0x80064534	60	func_80064534	verified	0	u32	3	2	24	ra	
0x80064570	532	func_80064570	verified	3	u32	2	10	184	s0|s1|s2|s3|s4|s5|s6|ra	gp
0x80064784	104	func_80064784	verified	1	u32	2	2	64	s0|ra	
0x800647EC	288	func_800647EC	high	1	u32	1	0	0		leaf
0x8006490C	156	func_8006490C	verified	2	u32	1	1	40	s0|s1|s2|s3|ra	
0x800649A8	368	func_800649A8	verified	0	void	1	5	24	ra	gp
0x80064B18	224	func_80064B18	medium	0	void	0	3	24	ra	gp|orphan
0x80064BF8	188	func_80064BF8	medium	1	u32	5	1	24	s0|ra	orphan
0x80064CB4	276	func_80064CB4	verified	0	u32	1	1	24	ra	gp
0x80064DC8	108	func_80064DC8	medium	1	u32	3	2	24	s0|ra	orphan
0x80064E34	568	func_80064E34	verified	1	u32	3	7	32	s0|s1|s2|ra	
0x8006506C	292	func_8006506C	verified	0	u32	1	2	24	s0|ra	gp
0x80065190	108	func_80065190	low	0	u32	0	0	0		leaf|orphan
0x800651FC	600	func_800651FC	medium	0	u32	1	2	24	ra	orphan
0x80065454	532	func_80065454	high	1	u32	1	0	0		leaf
0x80065668	988	func_80065668	verified	0	u32	1	8	32	s0|s1|ra	gp
0x80065A44	168	BootEntry	low	0	u32	0	2	0		break|gp
0x80065AEC	112	func_80065AEC	high	0	void	1	1	0	s0|s1|ra	indirect
0x80065B5C	104	func_80065B5C	low	0	void	0	1	0	s0|s1|ra	orphan|indirect
0x80065BC4	32	func_80065BC4	verified	0	void	1	1	24	ra	
0x80065BE4	248	func_80065BE4	verified	1	u32	1	4	24	s0|ra	
0x80065CDC	124	func_80065CDC	high	0	u32	1	6	0	ra	
0x80065D58	660	func_80065D58	verified	1	u32	1	3	32	s0|s1|ra	
0x80065FEC	460	func_80065FEC	high	2	u32	2	2	0	s0|s1|s2|s3|ra	
0x800661B8	208	func_800661B8	high	0	u32	1	2	0	ra	addr_taken|indirect
0x80066288	188	func_80066288	low	3	u32	0	2	0	s0|s1|ra	orphan
0x80066344	16	func_80066344	low	4	void	2	0	0		leaf
0x80066354	640	func_80066354	medium	1	u32	0	2	24	s0|ra	orphan
0x800665D4	136	func_800665D4	high	2	u32	1	2	0	s0|s1|ra	
0x8006665C	104	func_8006665C	medium	2	u32	0	1	32	s0|s1|ra	orphan
0x800666C4	72	func_800666C4	high	3	u32	1	0	0		leaf
0x8006670C	164	func_8006670C	high	2	u32	2	0	0		leaf|break
0x800667B0	60	func_800667B0	low	2	u32	0	0	0		leaf|orphan
0x800667EC	96	func_800667EC	low	1	u32	0	0	0		leaf|orphan
0x8006684C	44	func_8006684C	low	0	u32	1	0	0		leaf|orphan
0x80066878	44	func_80066878	low	0	u32	2	0	0		leaf|orphan
0x800668A4	96	func_800668A4	verified	0	u32	4	0	8		leaf
0x80066904	36	func_80066904	verified	1	void	2	1	24	ra	
0x80066928	124	func_80066928	medium	0	u32	1	5	24	ra	orphan
0x800669A4	208	func_800669A4	verified	1	u32	1	1	24	s0|ra	
0x80066A74	128	func_80066A74	low	1	u32	0	0	0		leaf|orphan
0x80066AF4	140	func_80066AF4	high	1	u32	1	0	0		leaf
0x80066B80	36	func_80066B80	verified	0	void	1	1	24	ra	
0x80066BA4	520	func_80066BA4	high	4	u32	1	0	0		leaf
0x80066DAC	516	func_80066DAC	high	2	u32	5	0	0		leaf
0x80066FB0	52	func_80066FB0	verified	1	void	2	2	24	s0|ra	
0x80066FE4	148	func_80066FE4	high	1	u32	2	0	0		leaf
0x80067078	96	func_80067078	verified	2	u32	3	1	24	s0|ra	
0x800670D8	84	func_800670D8	verified	1	u32	3	1	24	ra	
0x8006712C	52	func_8006712C	high	1	u32	3	0	0		leaf
0x80067160	168	func_80067160	high	1	u32	4	1	0	s0|s1|ra	
0x80067208	916	func_80067208	verified	1	u32	1	0	16		leaf
0x8006759C	40	func_8006759C	verified	0	void	5	1	24	ra	
0x800675C4	1628	func_800675C4	verified	4	u32	1	2	80	s0|s1|s2|s3|s4|s5|s6|s7|fp|ra	
0x80067C20	240	func_80067C20	high	4	u32	1	0	0		leaf
0x80067D10	348	func_80067D10	low	3	u32	0	0	0		leaf|break|orphan
0x80067E6C	48	func_80067E6C	verified	2	void	1	1	24	ra	
0x80067E9C	36	func_80067E9C	verified	1	void	1	1	24	ra	
0x80067EC0	548	func_80067EC0	verified	2	u32	1	3	64	s0|s1|s2|s3|s4|s5|ra	
0x800680E4	144	func_800680E4	verified	0	u32	2	8	24	s0|ra	
0x80068174	40	func_80068174	verified	0	void	1	1	24	ra	addr_taken
0x8006819C	40	func_8006819C	verified	0	void	1	1	24	ra	addr_taken
0x800681C4	40	func_800681C4	verified	0	void	1	1	24	ra	addr_taken
0x800681EC	16	func_800681EC	high	0	u32	2	0	0		leaf
0x800681FC	16	func_800681FC	high	0	u32	1	0	0		leaf
0x8006820C	16	func_8006820C	low	0	u32	0	0	0		leaf|orphan
0x8006821C	16	func_8006821C	high	0	u32	1	0	0		leaf
0x8006822C	108	func_8006822C	verified	1	u32	1	3	24	s0|ra	
0x80068298	32	func_80068298	verified	0	void	1	1	24	ra	
0x800682B8	24	func_800682B8	high	1	u32	1	0	0		leaf
0x800682D0	52	func_800682D0	low	1	u32	0	0	0		leaf|orphan
0x80068304	52	func_80068304	low	1	u32	1	0	0		leaf|orphan
0x80068338	32	func_80068338	medium	0	void	0	1	24	ra	orphan
0x80068358	32	func_80068358	verified	0	void	2	1	24	ra	
0x80068378	24	func_80068378	high	1	u32	5	0	0		leaf
0x80068390	24	func_80068390	high	1	u32	8	0	0		leaf
0x800683A8	312	func_800683A8	verified	3	u32	7	1	56	s0|s1|s2|s3|s4|s5|s6|s7|ra	
0x800684E0	300	func_800684E0	verified	2	u32	7	1	48	s0|s1|s2|s3|s4|s5|s6|ra	
0x8006860C	324	func_8006860C	verified	3	u32	4	2	48	s0|s1|s2|s3|s4|s5|s6|ra	
0x80068750	36	func_80068750	verified	0	u32	7	1	24	ra	
0x80068774	36	func_80068774	verified	0	u32	1	1	24	ra	
0x80068798	36	func_80068798	verified	1	void	2	1	24	ra	
0x800687BC	32	func_800687BC	medium	0	void	0	1	24	ra	orphan
0x800687DC	260	func_800687DC	high	2	u32	3	0	0		leaf
0x800688E0	128	func_800688E0	high	1	u32	6	0	0		leaf
0x80068960	1400	func_80068960	verified	0	u32	4	2	48	s0|s1|ra	
0x80068ED8	640	func_80068ED8	verified	2	u32	4	6	56	s0|s1|s2|s3|s4|s5|s6|ra	indirect
0x80069158	716	func_80069158	verified	2	u32	1	6	64	s0|s1|s2|s3|s4|s5|s6|s7|ra	indirect
0x80069424	1048	func_80069424	high	4	u32	4	7	0	s0|s1|s2|s3|s4|s5|ra	indirect
0x8006983C	136	func_8006983C	high	1	u32	1	0	0		leaf
0x800698C4	116	func_800698C4	low	0	u32	5	0	0		leaf
0x80069938	108	func_80069938	low	0	u32	0	0	0		leaf|orphan
0x800699A4	244	func_800699A4	high	0	u32	1	0	0		leaf
0x80069A98	80	func_80069A98	verified	0	void	1	3	24	ra	
0x80069AE8	492	func_80069AE8	verified	0	u32	1	7	24	ra	
0x80069CD4	364	func_80069CD4	medium	1	u32	1	4	48	s0|s1|s2|s3|ra	orphan
0x80069E40	256	func_80069E40	high	2	u32	1	0	0		leaf
0x80069F40	16	func_80069F40	low	1	void	0	0	0		leaf|orphan
0x80069F50	224	func_80069F50	high	0	u32	2	1	0	s0|s1|s2|ra	addr_taken|indirect
0x8006A030	548	func_8006A030	verified	2	u32	1	8	48	s0|s1|ra	addr_taken|indirect
0x8006A254	472	func_8006A254	verified	1	u32	3	12	40	s0|s1|ra	
0x8006A42C	264	func_8006A42C	verified	3	u32	1	6	24	ra	
0x8006A534	204	func_8006A534	verified	2	u32	4	3	40	s0|s1|s2|s3|ra	
0x8006A600	24	func_8006A600	high	1	u32	1	0	0		leaf
0x8006A618	148	func_8006A618	verified	1	u32	1	5	32	s0|ra	
0x8006A6AC	32	func_8006A6AC	verified	0	void	1	1	24	ra	addr_taken
0x8006A6CC	96	func_8006A6CC	verified	0	void	2	1	24	ra	
0x8006A72C	88	func_8006A72C	verified	0	u32	1	4	24	ra	
0x8006A784	144	func_8006A784	high	0	u32	2	0	0	ra	addr_taken|indirect
0x8006A814	96	func_8006A814	low	1	u32	0	2	0	s0|ra	orphan
0x8006A874	136	func_8006A874	verified	4	void	1	1	32	s0|s1|s2|ra	
0x8006A8FC	188	func_8006A8FC	high	1	u32	1	0	0		leaf
0x8006A9B8	64	func_8006A9B8	verified	2	u32	2	0	8		leaf
0x8006A9F8	196	func_8006A9F8	high	2	u32	1	0	0		leaf
0x8006AABC	32	func_8006AABC	high	3	void	2	0	0		leaf
0x8006AADC	2416	func_8006AADC	verified	0	u32	2	5	64	ra	indirect
0x8006B44C	52	func_8006B44C	verified	3	u32	1	0	8		leaf
0x8006B480	444	func_8006B480	verified	4	u32	1	1	56	s0|s1|s2|s3|s4|s5|ra	
0x8006B63C	56	func_8006B63C	verified	1	void	2	2	24	s0|ra	
0x8006B674	140	func_8006B674	low	1	u32	0	0	0		leaf|orphan
0x8006B700	96	func_8006B700	low	1	u32	0	0	0		leaf|orphan
0x8006B760	12	func_8006B760	low	1	u32	0	0	0		leaf|orphan
0x8006B76C	124	func_8006B76C	verified	2	u32	2	1	24	ra	
0x8006B7E8	32	func_8006B7E8	verified	0	void	3	1	24	ra	
0x8006B808	32	func_8006B808	medium	0	void	0	1	24	ra	orphan
0x8006B828	32	func_8006B828	medium	0	void	1	1	24	ra	orphan
0x8006B848	36	func_8006B848	verified	1	void	2	1	24	ra	
0x8006B86C	36	func_8006B86C	verified	1	void	2	1	24	ra	
0x8006B890	264	func_8006B890	verified	1	u32	1	3	24	ra	
0x8006B998	148	func_8006B998	verified	2	u32	2	1	32	s0|s1|ra	
0x8006BA2C	144	func_8006BA2C	verified	2	u32	1	1	32	s0|s1|ra	
0x8006BABC	152	func_8006BABC	verified	0	u32	2	1	32	ra	
0x8006BB54	152	func_8006BB54	verified	0	u32	2	1	32	ra	
0x8006BBEC	308	func_8006BBEC	verified	1	u32	2	1	40	s0|ra	
0x8006BD20	32	func_8006BD20	medium	0	void	1	1	24	ra	orphan
0x8006BD40	80	func_8006BD40	medium	2	u32	1	2	32	s0|s1|ra	orphan
0x8006BD90	48	func_8006BD90	low	1	u32	1	0	0		leaf|orphan
0x8006BDC0	820	func_8006BDC0	low	1	u32	1	0	0		leaf|orphan
0x8006C0F4	988	func_8006C0F4	medium	2	u32	1	2	32	s0|s1|ra	orphan
0x8006C4D0	532	func_8006C4D0	low	0	u32	1	0	0		leaf|orphan
0x8006C6E4	16	bios_A0_39_InitHeap	verified	0	void	1	0	0		bios|leaf|indirect
0x8006C6F4	16	bios_A0_70__bu_init	verified	0	void	1	0	0		bios|leaf|indirect
0x8006C704	16	bios_B0_07_DeliverEvent	verified	0	void	5	0	0		bios|leaf|indirect
0x8006C714	16	bios_B0_08_OpenEvent	verified	0	void	2	0	0		bios|leaf|indirect
0x8006C724	16	bios_B0_09_CloseEvent	verified	0	void	2	0	0		bios|leaf|orphan|indirect
0x8006C734	16	bios_B0_0B_TestEvent	verified	0	void	9	0	0		bios|leaf|indirect
0x8006C744	16	bios_B0_0C_EnableEvent	verified	0	void	2	0	0		bios|leaf|indirect
0x8006C754	16	bios_B0_0D_DisableEvent	verified	0	void	2	0	0		bios|leaf|orphan|indirect
0x8006C764	16	func_8006C764	high	0	void	14	0	0		leaf|syscall
0x8006C774	16	func_8006C774	high	0	void	12	0	0		leaf|syscall
0x8006C784	16	bios_B0_32_FileOpen	verified	0	void	3	0	0		bios|leaf|indirect
0x8006C794	16	bios_B0_33_FileSeek	verified	0	void	2	0	0		bios|leaf|indirect
0x8006C7A4	16	bios_B0_34_FileRead	verified	0	void	1	0	0		bios|leaf|indirect
0x8006C7B4	16	bios_B0_35_FileWrite	verified	0	void	1	0	0		bios|leaf|indirect
0x8006C7C4	16	bios_B0_36_FileClose	verified	0	void	3	0	0		bios|leaf|indirect
0x8006C7D4	16	bios_B0_41_FormatDevice	verified	0	void	1	0	0		bios|leaf|orphan|indirect
0x8006C7E4	16	bios_B0_42_firstfile	verified	0	void	1	0	0		bios|leaf|indirect
0x8006C7F4	16	bios_B0_43_nextfile	verified	0	void	1	0	0		bios|leaf|indirect
0x8006C804	16	bios_B0_45_FileDelete	verified	0	void	1	0	0		bios|leaf|indirect
0x8006C814	160	func_8006C814	high	3	u32	1	0	0		leaf
0x8006C8B4	56	func_8006C8B4	high	1	u32	3	0	0		leaf
0x8006C8EC	52	func_8006C8EC	high	1	u32	1	0	0		leaf
0x8006C920	52	func_8006C920	low	1	u32	0	0	0		leaf|orphan
0x8006C954	56	func_8006C954	high	1	u32	1	0	0		leaf
0x8006C98C	104	func_8006C98C	verified	4	void	1	3	40	s0|s1|s2|s3|ra	
0x8006C9F4	104	func_8006C9F4	verified	4	void	1	3	40	s0|s1|s2|s3|ra	
0x8006CA5C	40	func_8006CA5C	verified	0	void	1	2	24	ra	
0x8006CA84	16	bios_B0_12_InitPad	verified	0	void	1	0	0		bios|leaf|indirect
0x8006CA94	16	bios_B0_13_StartPad	verified	0	void	1	0	0		bios|leaf|indirect
0x8006CAA4	16	bios_B0_15_OutdatedPadInitAndStart	verified	0	void	1	0	0		bios|leaf|indirect
0x8006CAB4	16	bios_B0_5B_ChangeClearPad	verified	0	void	8	0	0		bios|leaf|indirect
0x8006CAC4	80	func_8006CAC4	high	0	u32	2	2	0		indirect
0x8006CB14	16	bios_A0_44_FlushCache	verified	0	void	5	0	0		bios|leaf|indirect
0x8006CB24	80	func_8006CB24	verified	1	u32	1	3	24	ra	
0x8006CB74	48	func_8006CB74	medium	0	u32	0	1	24	ra	orphan
0x8006CBA4	32	func_8006CBA4	medium	0	void	0	1	24	ra	orphan
0x8006CBC4	16	bios_B0_14_StopPad	verified	0	void	1	0	0		bios|leaf|orphan|indirect
0x8006CBD4	16	bios_B0_16_OutdatedPadGetButtons	verified	0	void	1	0	0		bios|leaf|orphan|indirect
0x8006CBE4	328	func_8006CBE4	high	1	u32	20	1	0	s0|s1|ra	
0x8006CD2C	156	func_8006CD2C	verified	2	u32	1	3	32	ra	
0x8006CDC8	16	bios_C0_0A_ChangeClearRCnt	verified	0	void	2	0	0		bios|leaf|indirect
0x8006CDD8	48	func_8006CDD8	high	0	u32	7	0	0	ra	indirect
0x8006CE08	48	func_8006CE08	high	0	u32	4	0	0	ra	indirect
0x8006CE38	48	func_8006CE38	high	0	u32	7	0	0	ra	indirect
0x8006CE68	52	func_8006CE68	verified	1	u32	1	0	24	ra	indirect
0x8006CE9C	48	func_8006CE9C	low	0	u32	0	0	0	ra	orphan|indirect
0x8006CECC	48	func_8006CECC	low	0	u32	0	0	0	ra	orphan|indirect
0x8006CEFC	48	func_8006CEFC	low	0	u32	0	0	0	ra	orphan|indirect
0x8006CF2C	16	func_8006CF2C	high	0	u32	3	0	0		leaf
0x8006CF3C	24	func_8006CF3C	low	0	u32	0	0	0		leaf|orphan
0x8006CF54	28	func_8006CF54	high	1	u32	4	0	0		leaf
0x8006CF70	220	func_8006CF70	high	0	u32	0	8	24	s0|ra	addr_taken
0x8006D04C	488	func_8006D04C	verified	0	u32	1	2	40	s0|s1|s2|s3|s4|ra	indirect
0x8006D234	340	func_8006D234	high	2	u32	0	2	40	s0|s1|s2|s3|s4|ra	addr_taken
0x8006D388	172	func_8006D388	high	0	u32	0	2	24	s0|ra	addr_taken
0x8006D434	136	func_8006D434	medium	0	u32	0	2	24	s0|ra	orphan
0x8006D4BC	44	func_8006D4BC	verified	2	u32	1	0	8		leaf
0x8006D4F0	24	bios_A0_72_CdRemove	verified	0	void	1	0	0		bios|leaf|indirect
0x8006D508	16	bios_B0_17_ReturnFromException	verified	0	void	1	0	0		bios|leaf|indirect
0x8006D518	16	bios_B0_18_SetDefaultExitFromException	verified	0	void	1	0	0		bios|leaf|indirect
0x8006D528	16	bios_B0_19_SetCustomExitFromException	verified	0	void	2	0	0		bios|leaf|indirect
0x8006D538	88	func_8006D538	verified	0	u32	1	4	24	ra	
0x8006D590	120	func_8006D590	high	0	u32	1	0	0	s0|s1|ra	addr_taken|indirect
0x8006D608	44	func_8006D608	high	2	u32	1	0	0		leaf|addr_taken
0x8006D634	44	func_8006D634	verified	2	u32	1	0	8		leaf
0x8006D660	80	func_8006D660	verified	0	u32	1	4	24	ra	
0x8006D6B0	388	func_8006D6B0	high	0	u32	1	1	0	s0|s1|s2|s3|s4|s5|ra	addr_taken|indirect
0x8006D834	168	func_8006D834	high	2	u32	1	0	0		leaf|addr_taken
0x8006D8DC	44	func_8006D8DC	verified	2	u32	1	0	8		leaf
0x8006D908	236	func_8006D908	verified	4	u32	1	2	48	s0|s1|s2|s3|ra	
0x8006D9F4	104	func_8006D9F4	verified	3	u32	1	2	40	s0|s1|ra	
0x8006DA5C	104	func_8006DA5C	medium	3	u32	1	2	40	s0|s1|ra	orphan
0x8006DAC4	208	func_8006DAC4	verified	4	u32	2	2	40	s0|s1|s2|s3|s4|ra	
0x8006DB94	60	func_8006DB94	high	4	u32	3	0	0		leaf
0x8006DBD0	24	func_8006DBD0	low	1	u32	0	0	0		leaf|orphan
0x8006DBE8	16	func_8006DBE8	high	0	u32	2	0	0		leaf
0x8006DBF8	200	func_8006DBF8	verified	4	u32	13	1	40	s0|s1|s2|s3|ra	
0x8006DCC0	24	func_8006DCC0	high	2	u32	12	0	0		leaf
0x8006DCD8	208	func_8006DCD8	medium	1	u32	0	2	32	s0|ra	orphan
0x8006DDA8	64	func_8006DDA8	medium	1	u32	0	1	24	ra	orphan
0x8006DDE8	28	func_8006DDE8	low	1	u32	0	0	0		leaf|orphan
0x8006DE04	28	func_8006DE04	low	1	u32	0	0	0		leaf|orphan
0x8006DE20	60	func_8006DE20	low	2	u32	2	0	0		leaf|orphan
0x8006DE5C	60	func_8006DE5C	low	3	u32	0	0	0		leaf|orphan
0x8006DE98	36	func_8006DE98	low	2	u32	0	0	0		leaf|orphan
0x8006DEBC	24	func_8006DEBC	low	1	u32	0	0	0		leaf|orphan
0x8006DED4	40	func_8006DED4	high	2	u32	12	0	0		leaf
0x8006DEFC	40	func_8006DEFC	high	2	u32	15	0	0		leaf
0x8006DF24	20	func_8006DF24	low	1	u32	0	0	0		leaf|orphan
0x8006DF38	20	func_8006DF38	high	1	u32	1	0	0		leaf
0x8006DF4C	20	func_8006DF4C	low	1	u32	0	0	0		leaf|orphan
0x8006DF60	20	func_8006DF60	low	1	u32	0	0	0		leaf|orphan
0x8006DF74	20	func_8006DF74	low	1	u32	0	0	0		leaf|orphan
0x8006DF88	20	func_8006DF88	high	1	u32	7	0	0		leaf
0x8006DF9C	20	func_8006DF9C	high	1	u32	2	0	0		leaf
0x8006DFB0	20	func_8006DFB0	high	1	u32	4	0	0		leaf
0x8006DFC4	20	func_8006DFC4	low	1	u32	0	0	0		leaf|orphan
0x8006DFD8	20	func_8006DFD8	high	1	u32	1	0	0		leaf
0x8006DFEC	20	func_8006DFEC	low	1	u32	0	0	0		leaf|orphan
0x8006E000	20	func_8006E000	low	1	u32	0	0	0		leaf|orphan
0x8006E014	20	func_8006E014	low	1	u32	0	0	0		leaf|orphan
0x8006E028	20	func_8006E028	low	1	u32	0	0	0		leaf|orphan
0x8006E03C	20	func_8006E03C	high	1	u32	1	0	0		leaf
0x8006E050	20	func_8006E050	high	1	u32	3	0	0		leaf
0x8006E064	20	func_8006E064	low	1	u32	0	0	0		leaf|orphan
0x8006E078	32	func_8006E078	low	1	u32	0	0	0		leaf|orphan
0x8006E098	32	func_8006E098	low	1	u32	0	0	0		leaf|orphan
0x8006E0B8	32	func_8006E0B8	low	1	u32	0	0	0		leaf|orphan
0x8006E0D8	32	func_8006E0D8	high	1	u32	1	0	0		leaf
0x8006E0F8	20	func_8006E0F8	low	1	u32	0	0	0		leaf|orphan
0x8006E10C	180	func_8006E10C	medium	4	u32	0	1	40	s0|s1|s2|s3|ra	orphan
0x8006E1C0	96	func_8006E1C0	low	4	u32	0	0	0		leaf|orphan
0x8006E220	108	func_8006E220	low	2	u32	0	0	0		leaf|orphan
0x8006E28C	56	func_8006E28C	low	2	u32	0	0	0		leaf|orphan
0x8006E2C4	384	func_8006E2C4	medium	1	u32	0	2	32	s0|ra	orphan
0x8006E444	172	func_8006E444	medium	1	u32	0	1	32	s0|ra	orphan
0x8006E4F0	348	func_8006E4F0	verified	1	u32	1	5	32	s0|s1|ra	indirect
0x8006E64C	276	func_8006E64C	low	1	u32	0	1	0	s0|s1|s2|ra	orphan|indirect
0x8006E760	108	func_8006E760	verified	1	u32	1	1	24	s0|ra	
0x8006E7CC	172	func_8006E7CC	low	1	u32	0	2	0	s0|s1|s2|ra	orphan|indirect
0x8006E878	16	func_8006E878	high	0	u32	7	0	0		leaf
0x8006E888	16	func_8006E888	high	0	u32	3	0	0		leaf
0x8006E898	92	func_8006E898	high	1	u32	1	1	0	s0|ra	
0x8006E8F4	156	func_8006E8F4	verified	1	u32	5	2	32	s0|s1|ra	indirect
0x8006E990	108	func_8006E990	high	1	u32	21	1	0	s0|ra	indirect
0x8006E9FC	296	func_8006E9FC	verified	2	u32	5	1	32	s0|ra	
0x8006EB24	148	func_8006EB24	verified	4	u32	2	1	40	s0|s1|s2|s3|ra	indirect
0x8006EBB8	156	func_8006EBB8	medium	4	u32	0	1	40	s0|s1|s2|s3|ra	orphan|indirect
0x8006EC54	100	func_8006EC54	verified	2	u32	11	1	32	s0|s1|ra	indirect
0x8006ECB8	100	func_8006ECB8	verified	2	u32	3	1	32	s0|s1|ra	indirect
0x8006ED1C	196	func_8006ED1C	verified	3	u32	3	1	32	s0|s1|s2|ra	indirect
0x8006EDE0	184	func_8006EDE0	low	2	u32	0	1	0	s0|s1|ra	orphan
0x8006EE98	152	func_8006EE98	high	2	u32	1	1	0	s0|s1|ra	indirect
0x8006EF30	96	func_8006EF30	medium	1	u32	1	0	32	s0|s1|ra	orphan|indirect
0x8006EF90	116	func_8006EF90	high	1	u32	2	1	0	s0|ra	indirect
0x8006F004	196	func_8006F004	verified	1	u32	2	3	32	s0|s1|s2|ra	indirect
0x8006F0C8	220	func_8006F0C8	medium	2	u32	0	3	40	s0|s1|s2|s3|ra	orphan|indirect
0x8006F1A4	56	func_8006F1A4	medium	1	u32	0	1	24	s0|ra	orphan
0x8006F1DC	1200	func_8006F1DC	verified	1	u32	3	4	40	s0|s1|s2|s3|ra	indirect
0x8006F68C	56	func_8006F68C	medium	1	u32	0	1	24	s0|ra	orphan
0x8006F6C4	52	func_8006F6C4	low	0	u32	0	0	0	ra	orphan|indirect
0x8006F6F8	60	func_8006F6F8	medium	2	u32	1	1	24	s0|ra	orphan
0x8006F734	132	func_8006F734	medium	2	u32	0	2	32	s0|s1|ra	orphan
0x8006F7B8	68	func_8006F7B8	medium	2	u32	0	1	24	s0|ra	orphan
0x8006F7FC	40	func_8006F7FC	low	3	u32	0	0	0		leaf|orphan
0x8006F824	88	func_8006F824	medium	4	u32	1	2	32	s0|s1|ra	orphan
0x8006F87C	676	func_8006F87C	verified	2	u32	2	5	40	s0|s1|ra	
0x8006FB20	92	func_8006FB20	high	3	u32	2	0	0		leaf
0x8006FB7C	204	func_8006FB7C	high	2	u32	2	0	0		leaf
0x8006FC48	204	func_8006FC48	high	2	u32	2	0	0		leaf
0x8006FD14	72	func_8006FD14	high	2	u32	2	0	0		leaf
0x8006FD5C	132	func_8006FD5C	high	1	u32	3	0	0		leaf
0x8006FDE0	188	func_8006FDE0	high	1	u32	1	0	0		leaf
0x8006FE9C	24	func_8006FE9C	high	0	u32	0	0	0		leaf|addr_taken
0x8006FEB4	232	func_8006FEB4	high	2	u32	0	2	32	s0|s1|ra	addr_taken
0x8006FF9C	624	func_8006FF9C	high	2	u32	0	2	32	s0|s1|ra	addr_taken
0x8007020C	596	func_8007020C	high	2	u32	0	2	64	s0|s1|s2|s3|s4|s5|ra	addr_taken
0x80070460	668	func_80070460	high	2	u32	0	2	56	s0|s1|s2|s3|s4|ra	addr_taken
0x800706FC	40	func_800706FC	high	1	u32	0	0	0		leaf|addr_taken
0x80070724	20	func_80070724	high	1	u32	0	0	0		leaf|addr_taken
0x80070738	80	func_80070738	high	2	u32	0	0	8		leaf|addr_taken
0x80070788	76	func_80070788	high	1	u32	1	0	0		leaf|addr_taken
0x800707D4	48	func_800707D4	high	1	u32	1	0	0		leaf|addr_taken
0x80070804	36	func_80070804	high	3	void	0	1	24	ra	addr_taken
0x80070828	740	func_80070828	verified	4	u32	1	5	40	s0|s1|s2|s3|ra	addr_taken|indirect
0x80070B0C	764	func_80070B0C	high	0	u32	2	2	0	s0|ra	addr_taken|indirect
0x80070E08	348	func_80070E08	verified	1	u32	1	3	24	s0|ra	addr_taken
0x80070F64	328	func_80070F64	high	1	u32	0	3	24	s0|ra	addr_taken
0x800710AC	52	func_800710AC	verified	0	u32	5	1	24	ra	
0x800710E0	364	func_800710E0	verified	0	u32	5	3	32	ra	
0x8007124C	220	func_8007124C	high	1	u32	1	0	0		leaf
0x80071328	44	func_80071328	verified	3	u32	3	0	8		leaf
0x80071354	16	bios_A0_49_GPU_cw	verified	0	void	1	0	0		bios|leaf|indirect
0x80071364	16	func_80071364	high	1	u32	1	0	0		leaf
0x80071374	104	func_80071374	verified	1	u32	1	1	24	s0|ra	
0x800713DC	64	func_800713DC	medium	0	u32	0	1	32	ra	orphan
0x8007141C	684	func_8007141C	medium	1	u32	0	1	24	s0|ra	orphan
0x800716C8	288	func_800716C8	verified	2	u32	1	2	32	s0|s1|s2|ra	
0x800717E8	408	func_800717E8	medium	4	u32	1	2	56	s0|s1|s2|s3|s4|s5|s6|ra	orphan
0x80071980	4480	func_80071980	medium	2	u32	1	3	32	s0|s1|ra	orphan
0x80072B00	60	func_80072B00	verified	1	u32	13	1	24	ra	
0x80072B3C	144	func_80072B3C	high	1	u32	1	0	0		leaf
0x80072BCC	160	func_80072BCC	high	1	u32	12	0	0		leaf
0x80072C6C	52	func_80072C6C	low	2	void	1	0	0		leaf|break
0x80072CA0	40	func_80072CA0	medium	0	void	0	2	24	ra	orphan
0x80072CC8	60	func_80072CC8	low	2	u32	1	0	0		leaf|break
0x80072D04	40	func_80072D04	medium	0	void	0	2	24	ra	orphan
0x80072D2C	8	func_80072D2C	low	0	void	0	0	0		leaf|orphan
0x80072D34	128	func_80072D34	high	0	u32	1	1	0		gte
0x80072DBC	124	func_80072DBC	high	1	u32	10	0	0		leaf|gte
0x80072E38	8	func_80072E38	low	0	u32	0	0	0		leaf|orphan
0x80072E4C	132	func_80072E4C	low	3	u32	0	0	0		leaf|gte|orphan
0x80072ED0	8	func_80072ED0	low	0	u32	0	0	0		leaf|orphan
0x80072ED8	20	func_80072ED8	low	1	void	2	0	0		leaf|orphan
0x80072EEC	44	func_80072EEC	high	2	void	8	1	0		
0x80072F18	48	func_80072F18	low	2	void	0	1	0		orphan
0x80072F48	188	func_80072F48	high	0	u32	3	0	0		leaf|gte
0x80073004	228	func_80073004	low	2	u32	0	1	0		gte|orphan
0x800730EC	128	func_800730EC	high	1	u32	2	0	0		leaf|gte
0x8007316C	12	func_8007316C	low	0	u32	0	0	0		leaf|orphan
0x80073178	8	func_80073178	low	0	u32	0	0	0		leaf|orphan
0x8007318C	268	func_8007318C	low	3	u32	1	0	0		leaf|gte|orphan
0x8007329C	352	func_8007329C	high	3	u32	7	0	0		leaf|gte
0x800733FC	60	func_800733FC	high	0	void	20	1	0		
0x80073438	100	func_80073438	low	0	void	0	0	0		leaf|gte|orphan
0x8007349C	56	func_8007349C	high	0	void	20	1	0		
0x800734D4	104	func_800734D4	low	0	void	0	0	0		leaf|gte|orphan
0x8007353C	292	func_8007353C	high	2	u32	2	0	0		leaf
0x8007366C	268	func_8007366C	high	2	u32	1	0	0		leaf|gte
0x8007377C	80	func_8007377C	high	3	u32	6	0	0		leaf|gte
0x800737CC	92	func_800737CC	high	3	u32	8	0	0		leaf|gte
0x8007382C	36	func_8007382C	high	2	u32	1	0	0		leaf
0x8007385C	292	func_8007385C	high	2	u32	1	0	0		leaf
0x8007398C	48	func_8007398C	high	1	void	4	0	0		leaf|gte
0x800739BC	48	func_800739BC	high	1	void	2	0	0		leaf|gte
0x800739EC	48	func_800739EC	high	1	void	2	0	0		leaf|gte
0x80073A1C	32	func_80073A1C	high	1	void	4	0	0		leaf|gte
0x80073A3C	16	func_80073A3C	low	1	void	0	0	0		leaf|orphan
0x80073A4C	16	func_80073A4C	low	1	void	0	0	0		leaf|orphan
0x80073A5C	16	func_80073A5C	low	1	void	0	0	0		leaf|orphan
0x80073A6C	32	func_80073A6C	low	3	void	0	0	0		leaf|orphan
0x80073A8C	20	func_80073A8C	low	3	void	0	0	0		leaf|orphan
0x80073AA0	20	func_80073AA0	low	3	void	0	0	0		leaf|gte|orphan
0x80073AB4	12	func_80073AB4	low	1	void	0	0	0		leaf|gte|orphan
0x80073AC0	20	func_80073AC0	low	3	void	0	0	0		leaf|gte|orphan
0x80073AD4	24	func_80073AD4	low	4	void	0	0	0		leaf|gte|orphan
0x80073AEC	20	func_80073AEC	low	3	void	0	0	0		leaf|gte|orphan
0x80073B00	20	func_80073B00	low	3	void	0	0	0		leaf|gte|orphan
0x80073B14	20	func_80073B14	low	3	void	0	0	0		leaf|gte|orphan
0x80073B28	12	func_80073B28	low	1	void	0	0	0		leaf|gte|orphan
0x80073B34	12	func_80073B34	low	1	void	2	0	0		leaf|gte|orphan
0x80073B40	12	func_80073B40	low	1	void	2	0	0		leaf|gte|orphan
0x80073B4C	32	func_80073B4C	low	2	void	2	0	0		leaf|gte|orphan
0x80073B6C	32	func_80073B6C	high	3	void	2	0	0		leaf|gte
0x80073B8C	32	func_80073B8C	high	3	void	1	0	0		leaf|gte
0x80073BAC	24	func_80073BAC	high	2	void	2	0	0		leaf|gte
0x80073BCC	12	func_80073BCC	high	1	void	2	0	0		leaf|gte
0x80073BDC	44	func_80073BDC	low	4	u32	1	0	0		leaf|gte|orphan
0x80073C0C	40	func_80073C0C	low	3	u32	1	0	0		leaf|gte|orphan
0x80073C3C	80	func_80073C3C	high	2	u32	2	0	0		leaf
0x80073C8C	652	func_80073C8C	high	2	u32	17	0	0		leaf
0x80073F1C	652	func_80073F1C	high	2	u32	2	0	0		leaf
0x800741AC	408	func_800741AC	high	2	u32	3	0	0		leaf
0x8007434C	408	func_8007434C	high	2	u32	3	0	0		leaf
0x800744EC	408	func_800744EC	high	2	u32	3	0	0		leaf
0x8007468C	384	func_8007468C	high	2	u32	9	0	0		leaf|break
0x8007480C	104	func_8007480C	high	0	u32	1	4	0		indirect
0x800748AC	24	bios_B0_38_exit	verified	0	void	24	0	0		bios|leaf|addr_taken|indirect
0x800748C4	24	bios_B0_3F_std_out_puts	verified	0	void	9	0	0		bios|leaf|indirect
0x800748DC	16	bios_A0_13_setjmp	verified	0	void	1	0	0		bios|leaf|indirect
0x800748EC	16	bios_A0_15_strcat	verified	0	void	8	0	0		bios|leaf|indirect
0x800748FC	16	bios_A0_16_strncat	verified	0	void	2	0	0		bios|leaf|indirect
0x8007490C	16	bios_A0_17_strcmp	verified	0	void	6	0	0		bios|leaf|indirect
0x8007491C	16	bios_A0_18_strncmp	verified	0	void	3	0	0		bios|leaf|indirect
0x8007492C	16	bios_A0_19_strcpy	verified	0	void	2	0	0		bios|leaf|indirect
0x8007493C	16	bios_A0_1A_strncpy	verified	0	void	1	0	0		bios|leaf|indirect
0x8007494C	16	bios_A0_1B_strlen	verified	0	void	13	0	0		bios|leaf|indirect
0x8007495C	16	bios_A0_2A_memcpy	verified	0	void	6	0	0		bios|leaf|indirect
0x8007496C	16	bios_A0_2B_memset	verified	0	void	15	0	0		bios|leaf|indirect
0x8007497C	16	bios_A0_2F_rand	verified	0	void	9	0	0		bios|leaf|indirect
0x8007498C	16	bios_A0_30_srand	verified	0	void	2	0	0		bios|leaf|indirect
0x8007499C	16	bios_A0_31_qsort	verified	0	void	1	0	0		bios|leaf|indirect
0x800749AC	16	bios_A0_33_malloc	verified	0	void	1	0	0		bios|leaf|indirect
0x800749BC	16	bios_A0_34_free	verified	0	void	3	0	0		bios|leaf|indirect
0x800749CC	16	bios_A0_37_calloc	verified	0	void	2	0	0		bios|leaf|orphan|indirect
0x800749DC	16	bios_A0_3F_printf	verified	0	void	41	0	0		bios|leaf|indirect
0x800749EC	12	func_800749EC	low	4	void	2	0	0		leaf
0x800749F8	2128	func_800749F8	medium	2	u32	0	3	584	s0|s1|s2|s3|s4|s5|s6|ra	orphan
0x80075248	16	bios_A0_2E_memchr	verified	0	void	1	0	0		bios|leaf|orphan|indirect
0x80075258	108	func_80075258	low	3	u32	1	0	0		leaf|orphan
0x800752C4	736	func_800752C4	medium	4	u32	0	6	104	s0|s1|s2|s3|s4|s5|ra	orphan
0x800755A4	68	func_800755A4	low	4	u32	1	0	0		leaf|orphan
0x800755E8	176	func_800755E8	medium	4	u32	2	0	24		leaf|orphan
0x80075698	200	func_80075698	medium	4	u32	2	0	16		leaf|orphan
0x80075760	200	func_80075760	verified	4	u32	2	0	16		leaf
0x80075828	256	func_80075828	medium	2	u32	0	2	56	s0|s1|s2|s3|ra	orphan
0x80075928	260	func_80075928	verified	1	u32	1	1	56	s0|s1|s2|s3|ra	
0x80075A2C	220	func_80075A2C	high	4	u32	1	0	0		leaf
0x80075B08	216	func_80075B08	low	4	u32	0	0	0		leaf|orphan
0x80075BE0	116	func_80075BE0	medium	3	u32	1	1	40	s0|ra	orphan
0x80075C54	104	func_80075C54	medium	2	u32	2	1	24	ra	orphan
0x80075CBC	16	bios_A0_AB	verified	0	void	1	0	0		bios|leaf|indirect
0x80075CCC	16	bios_A0_AC	verified	0	void	2	0	0		bios|leaf|indirect
0x80075CDC	16	bios_B0_4F__card_read	verified	0	void	1	0	0		bios|leaf|indirect
0x80075CEC	16	bios_B0_50__new_card	verified	0	void	2	0	0		bios|leaf|indirect
0x80075CFC	16	bios_B0_5D_wait_card_status	verified	0	void	2	0	0		bios|leaf|indirect
0x80075D0C	56	func_80075D0C	verified	1	void	2	2	24	s0|ra	
0x80075D44	16	bios_B0_4E__card_write	verified	0	void	1	0	0		bios|leaf|indirect
0x80075D54	84	func_80075D54	verified	1	void	1	6	24	s0|ra	
0x80075DA8	56	func_80075DA8	verified	0	void	1	4	24	ra	
0x80075DE0	48	func_80075DE0	medium	0	void	1	3	24	ra	orphan
0x80075E10	16	bios_B0_4A_InitCard	verified	0	void	1	0	0		bios|leaf|indirect
0x80075E20	16	bios_B0_4B_StartCard	verified	0	void	1	0	0		bios|leaf|indirect
0x80075E30	16	bios_B0_4C_StopCard	verified	0	void	1	0	0		bios|leaf|orphan|indirect
0x80075E40	88	func_80075E40	high	0	u32	1	0	0		leaf|addr_taken|indirect
0x80075E98	136	func_80075E98	high	0	u32	1	3	0		indirect
0x80075F20	48	func_80075F20	high	0	void	2	1	0		addr_taken
0x80075F50	108	func_80075F50	high	0	u32	2	3	0		indirect
0x80075FBC	24	func_80075FBC	low	0	void	0	0	0		leaf|orphan
0x80075FE0	104	func_80075FE0	low	0	u32	1	3	0		orphan|indirect
0x8007D5C0	10852	func_8007D5C0	low	0	void	0	0	0		leaf|orphan
0x80080024	8	func_80080024	low	0	void	0	0	0		leaf|orphan
0x8008002C	4	func_8008002C	low	0	void	0	0	0		leaf|orphan
0x80080030	4	func_80080030	medium	0	void	1	0	0		leaf|addr_taken|orphan
0x80080034	128996	func_80080034	data	0	void	0	0	0		leaf|orphan
0x8009F818	16392	func_8009F818	data	0	void	0	0	0		leaf|orphan
0x800A3820	8	func_800A3820	low	0	void	0	0	0		leaf|orphan
